{"type":"FeatureCollection","atlasMetadata":{"source":"https://www2.census.gov/geo/tiger/TIGER2024/STATE/tl_2024_us_state.zip","sourceSHA256":"ad00cbe66c7177091b668cee202e93d4a1ddcee271c28d1c9f9874af59c04b92","vintage":2024,"simplification":"Shapely coverage_simplify on the source shared-edge coverage","detailedToleranceDegrees":0.02,"simpleToleranceDegrees":0.15,"coordinateOrder":"longitude, latitude; NAD83 geographic degrees as published in TIGER .prj","ringOrientation":"RFC 7946 right-hand rule"},"features":[{"type":"Feature","id":"WV","properties":{"name":"West Virginia","abbreviation":"WV","stateFips":"54","geoid":"54"},"geometry":{"type":"Polygon","coordinates":[[[-77.719519,39.321314],[-77.755728,39.333938],[-77.735869,39.391172],[-77.753728,39.423908],[-77.803269,39.43799],[-77.780302,39.464658],[-77.797252,39.489465],[-77.845321,39.498098],[-77.886918,39.55997],[-77.835676,39.567156],[-77.840603,39.606778],[-77.886805,39.614621],[-77.889135,39.597453],[-77.933619,39.618136],[-78.006719,39.601483],[-78.037405,39.637044],[-78.104433,39.68144],[-78.181871,39.695316],[-78.254252,39.639976],[-78.266648,39.618951],[-78.355323,39.640663],[-78.378542,39.607963],[-78.42478,39.624541],[-78.39704,39.590225],[-78.445456,39.591446],[-78.42632,39.559222],[-78.468923,39.516483],[-78.566115,39.519371],[-78.61991,39.539236],[-78.654697,39.534605],[-78.755628,39.580662],[-78.778248,39.601899],[-78.733574,39.613775],[-78.778275,39.622703],[-78.91672,39.48632],[-78.95754,39.463903],[-78.955517,39.441705],[-79.033719,39.46698],[-79.048214,39.483495],[-79.100194,39.476999],[-79.127442,39.418177],[-79.160305,39.415923],[-79.165187,39.387147],[-79.197556,39.388461],[-79.214443,39.363405],[-79.256882,39.355459],[-79.290013,39.299871],[-79.346282,39.293815],[-79.42423,39.226842],[-79.486875,39.205896],[-79.482366,39.531689],[-79.476662,39.721078],[-80.519342,39.721403],[-80.518991,40.638801],[-80.584002,40.615723],[-80.62645,40.620176],[-80.664372,40.570016],[-80.627507,40.535793],[-80.594664,40.471389],[-80.612325,40.402762],[-80.599895,40.317666],[-80.622508,40.261765],[-80.66154,40.229812],[-80.668083,40.199689],[-80.705246,40.15416],[-80.713213,40.097041],[-80.739229,40.074947],[-80.731024,40.044291],[-80.740139,39.970795],[-80.762987,39.953785],[-80.760018,39.908756],[-80.809565,39.905658],[-80.793131,39.863751],[-80.826964,39.841656],[-80.826079,39.798584],[-80.870322,39.763184],[-80.829723,39.714041],[-80.865805,39.686484],[-80.88036,39.620706],[-80.933292,39.614812],[-81.0239,39.552313],[-81.092434,39.496075],[-81.138134,39.443775],[-81.185145,39.431479],[-81.217315,39.38759],[-81.268421,39.386318],[-81.344927,39.346794],[-81.384556,39.343449],[-81.406689,39.38809],[-81.456143,39.409274],[-81.557547,39.338774],[-81.565247,39.276175],[-81.670187,39.275963],[-81.69662,39.256139],[-81.691339,39.227947],[-81.725622,39.215905],[-81.756282,39.176993],[-81.742153,39.116777],[-81.754154,39.088377],[-81.813854,39.079678],[-81.803355,39.047678],[-81.764253,39.015279],[-81.78182,38.964935],[-81.756131,38.933546],[-81.774105,38.922964],[-81.814235,38.946168],[-81.844486,38.928746],[-81.858921,38.89019],[-81.890899,38.873919],[-81.92667,38.901311],[-81.900595,38.937671],[-81.933186,38.98766],[-81.981159,38.994351],[-82.00599,39.029387],[-82.037749,39.023865],[-82.052063,38.993978],[-82.090165,38.975278],[-82.143267,38.897879],[-82.144167,38.84188],[-82.221566,38.787187],[-82.182867,38.705482],[-82.190867,38.680383],[-82.171966,38.625384],[-82.181167,38.599784],[-82.27147,38.595383],[-82.293471,38.575383],[-82.303663,38.499124],[-82.323999,38.449268],[-82.404882,38.439347],[-82.53769,38.404157],[-82.59348,38.421821],[-82.598121,38.345933],[-82.571923,38.313347],[-82.574518,38.264505],[-82.612389,38.234329],[-82.598295,38.217361],[-82.611601,38.171339],[-82.644443,38.166561],[-82.636989,38.138718],[-82.585342,38.106634],[-82.54924,38.067952],[-82.518956,38.002153],[-82.488655,37.998912],[-82.47183,37.960291],[-82.502198,37.933052],[-82.420484,37.885446],[-82.420592,37.847855],[-82.333605,37.76715],[-82.334174,37.742771],[-82.296214,37.700695],[-82.304068,37.678307],[-82.240894,37.661531],[-82.214499,37.6254],[-82.16435,37.619257],[-82.132284,37.593327],[-82.134111,37.553627],[-82.075651,37.555915],[-82.064835,37.537196],[-81.968012,37.538035],[-81.939989,37.512591],[-81.996578,37.476705],[-81.985527,37.454328],[-81.935621,37.438397],[-81.935872,37.378554],[-81.91765,37.349153],[-81.874864,37.328151],[-81.853553,37.287706],[-81.789294,37.284416],[-81.746039,37.263398],[-81.740124,37.237752],[-81.678221,37.20154],[-81.560631,37.206663],[-81.506865,37.234948],[-81.498038,37.258092],[-81.416663,37.273214],[-81.394287,37.316411],[-81.362156,37.337687],[-81.320105,37.299323],[-81.225104,37.234874],[-81.104147,37.280605],[-80.987319,37.301359],[-80.951018,37.29497],[-80.849451,37.346909],[-80.883247,37.383933],[-80.859457,37.429491],[-80.784188,37.394587],[-80.770082,37.372363],[-80.705203,37.394618],[-80.552036,37.473563],[-80.511391,37.481672],[-80.475601,37.422949],[-80.299789,37.508271],[-80.282391,37.533519],[-80.330368,37.536267],[-80.328504,37.564315],[-80.258919,37.595499],[-80.220984,37.627767],[-80.267504,37.646156],[-80.296077,37.69173],[-80.258143,37.720612],[-80.248389,37.76825],[-80.141522,37.882436],[-80.008888,37.99083],[-79.953511,38.08148],[-79.92633,38.107147],[-79.945187,38.131989],[-79.897335,38.193381],[-79.830713,38.249713],[-79.788945,38.268703],[-79.809934,38.304681],[-79.742771,38.353367],[-79.689667,38.431462],[-79.699473,38.474527],[-79.649075,38.591515],[-79.53687,38.550917],[-79.476638,38.457228],[-79.312276,38.411876],[-79.266329,38.43944],[-79.210591,38.492913],[-79.205859,38.524521],[-79.158257,38.593119],[-79.131056,38.653218],[-79.092655,38.660417],[-79.092955,38.702002],[-79.047349,38.79181],[-79.029253,38.791013],[-78.993761,38.850021],[-78.869261,38.76298],[-78.788031,38.885123],[-78.721052,38.932218],[-78.719914,38.906076],[-78.680456,38.925313],[-78.620453,38.982601],[-78.601655,38.964603],[-78.550467,39.018065],[-78.571901,39.031995],[-78.479597,39.109505],[-78.459869,39.113351],[-78.403697,39.167451],[-78.438695,39.198093],[-78.399669,39.243874],[-78.419422,39.257476],[-78.339284,39.348605],[-78.366867,39.35929],[-78.343214,39.388807],[-78.359918,39.409028],[-78.347087,39.466012],[-77.828299,39.132426],[-77.747587,39.294834],[-77.719519,39.321314]]]}},{"type":"Feature","id":"FL","properties":{"name":"Florida","abbreviation":"FL","stateFips":"12","geoid":"12"},"geometry":{"type":"MultiPolygon","coordinates":[[[[-83.088453,24.692051],[-83.108914,24.611086],[-83.08256,24.536873],[-83.052485,24.505194],[-82.999876,24.476981],[-82.999742,24.583917],[-82.885051,24.563378],[-82.828181,24.583765],[-82.656682,24.583709],[-82.639914,24.654914],[-82.655082,24.713315],[-82.721895,24.780202],[-82.789928,24.799907],[-82.868886,24.798089],[-83.004768,24.764506],[-83.088453,24.692051]]],[[[-87.518346,30.229506],[-87.51837,30.12553],[-87.30281,30.1683],[-87.25829,30.16542],[-87.12004,30.18059],[-86.8556,30.22792],[-86.64058,30.24631],[-86.51951,30.23134],[-86.4456,30.23231],[-86.30638,30.2094],[-86.1498,30.16291],[-86.0055,30.10606],[-85.87286,30.03079],[-85.80356,29.97816],[-85.70979,29.93584],[-85.63173,29.86458],[-85.58962,29.83756],[-85.57024,29.72102],[-85.53199,29.62823],[-85.47088,29.55141],[-85.43134,29.52507],[-85.33543,29.5055],[-85.25967,29.52481],[-85.11267,29.44641],[-85.03631,29.4365],[-84.89636,29.47121],[-84.7875,29.5259],[-84.72689,29.54493],[-84.64378,29.59274],[-84.58868,29.64074],[-84.46016,29.69844],[-84.41995,29.74696],[-84.31488,29.74946],[-84.25287,29.77158],[-84.20231,29.81315],[-84.16891,29.8755],[-84.160797,29.921266],[-84.06492,29.94008],[-83.97264,29.88642],[-83.93784,29.85346],[-83.87524,29.82536],[-83.83029,29.81972],[-83.7809,29.79004],[-83.7489,29.71461],[-83.68733,29.62609],[-83.58207,29.56332],[-83.56545,29.46205],[-83.53343,29.40846],[-83.43566,29.3497],[-83.35503,29.28828],[-83.33311,29.21594],[-83.26208,29.15572],[-83.26386,29.11445],[-83.21863,29.01692],[-83.16027,28.96888],[-83.11744,28.95195],[-83.02167,28.94536],[-82.94557,28.96375],[-82.94427,28.91584],[-82.9158,28.8565],[-82.92718,28.81358],[-82.9205,28.75715],[-82.89042,28.7],[-82.86791,28.61503],[-82.83914,28.57458],[-82.85319,28.542],[-82.85543,28.47721],[-82.89736,28.35701],[-82.95378,28.3317],[-83.00916,28.26807],[-83.02141,28.19224],[-82.99845,27.99026],[-83.01998,27.89341],[-83.01044,27.81564],[-82.97529,27.74726],[-82.91522,27.68413],[-82.93284,27.61653],[-82.92474,27.5321],[-82.88982,27.45702],[-82.86162,27.42373],[-82.83625,27.36159],[-82.73465,27.24682],[-82.7109,27.19485],[-82.67054,27.15444],[-82.60032,27.0014],[-82.49878,26.83573],[-82.43157,26.73615],[-82.42798,26.64508],[-82.35964,26.50273],[-82.34706,26.44947],[-82.30968,26.38214],[-82.2185,26.31085],[-82.16932,26.28846],[-82.07617,26.27179],[-82.00546,26.28443],[-81.98529,26.21318],[-81.96802,26.06959],[-81.91843,25.95273],[-81.90773,25.9004],[-81.8707,25.82948],[-81.78767,25.71578],[-81.70944,25.67676],[-81.63007,25.67268],[-81.57623,25.68604],[-81.51902,25.65694],[-81.5066,25.61939],[-81.46788,25.57396],[-81.42541,25.5516],[-81.38477,25.49701],[-81.36051,25.43182],[-81.3252,25.39062],[-81.31491,25.35155],[-81.34243,25.24942],[-81.32854,25.17641],[-81.27806,25.0687],[-81.18858,24.9948],[-81.17035,24.96214],[-81.26575,24.98642],[-81.35038,24.97048],[-81.40014,24.97854],[-81.48849,24.96635],[-81.62159,24.89722],[-81.81421,24.80639],[-81.89429,24.76365],[-81.97769,24.74965],[-82.02695,24.72572],[-82.13034,24.74802],[-82.20073,24.73817],[-82.23771,24.72005],[-82.28734,24.67006],[-82.3265,24.58373],[-82.21545,24.58376],[-82.21955,24.54043],[-82.16605,24.49699],[-82.100333,24.499998],[-82.067171,24.523715],[-82.023479,24.477864],[-81.974409,24.471209],[-81.979768,24.431656],[-81.946441,24.399348],[-81.866905,24.403588],[-81.813522,24.417639],[-81.781807,24.460927],[-81.792362,24.495613],[-81.748692,24.437783],[-81.711831,24.429733],[-81.610259,24.454308],[-81.539924,24.486034],[-81.519086,24.517248],[-81.514615,24.564757],[-81.474733,24.553455],[-81.385432,24.569933],[-81.254479,24.60363],[-81.147686,24.649064],[-81.124795,24.636605],[-81.047648,24.64024],[-80.852228,24.748931],[-80.783375,24.76126],[-80.745115,24.788878],[-80.652342,24.831403],[-80.514343,24.940628],[-80.453365,24.963698],[-80.439101,24.997989],[-80.409327,25.012677],[-80.390435,25.057189],[-80.35778,25.072902],[-80.302899,25.144923],[-80.29483,25.17167],[-80.22495,25.28432],[-80.18697,25.33343],[-80.139104,25.433101],[-80.09838,25.46309],[-80.11515,25.52287],[-80.09178,25.72111],[-80.07315,25.74299],[-80.06305,25.84581],[-80.06335,25.9744],[-80.03811,26.19674],[-80.02463,26.25124],[-80.006149,26.432809],[-79.980648,26.595447],[-79.975425,26.80025],[-80.039102,27.029853],[-80.080955,27.125329],[-80.095411,27.18064],[-80.127097,27.239374],[-80.227962,27.463004],[-80.261092,27.549139],[-80.328113,27.750306],[-80.399438,27.891467],[-80.499773,28.07726],[-80.543999,28.271092],[-80.519428,28.391084],[-80.46939,28.453097],[-80.522973,28.608238],[-80.635573,28.750268],[-80.721834,28.875],[-80.874815,29.105968],[-80.906836,29.144706],[-81.045706,29.432462],[-81.119814,29.59673],[-81.205177,29.822433],[-81.209268,29.875247],[-81.255134,30.000245],[-81.330627,30.299481],[-81.335381,30.361292],[-81.324877,30.424735],[-81.353574,30.44666],[-81.354883,30.492754],[-81.375002,30.532758],[-81.380867,30.627345],[-81.347015,30.712444],[-81.464013,30.710983],[-81.484825,30.725113],[-81.606048,30.718676],[-81.651504,30.740677],[-81.718109,30.744806],[-81.792617,30.786777],[-81.881858,30.799961],[-81.892906,30.825513],[-81.964413,30.816684],[-81.977386,30.776842],[-82.02227,30.788136],[-82.050217,30.674538],[-82.006164,30.577278],[-82.016906,30.475111],[-82.0447,30.404127],[-82.037218,30.371848],[-82.066583,30.356004],[-82.105018,30.368817],[-82.171623,30.359918],[-82.210733,30.42564],[-82.20124,30.485114],[-82.240403,30.53777],[-82.214677,30.568556],[-82.495802,30.58649],[-83.499925,30.645674],[-83.877785,30.665726],[-84.374894,30.689793],[-84.864693,30.711542],[-84.911122,30.751191],[-84.936824,30.818489],[-84.925723,30.843789],[-84.942525,30.888488],[-85.004026,30.973468],[-85.002499,31.000685],[-85.243632,31.000884],[-85.497992,30.996931],[-86.12154,30.992884],[-87.140755,30.999532],[-87.598829,30.997455],[-87.588862,30.96579],[-87.634788,30.866707],[-87.600792,30.821288],[-87.551311,30.78569],[-87.532557,30.743199],[-87.406356,30.674437],[-87.393294,30.627218],[-87.447702,30.510458],[-87.414677,30.457296],[-87.369383,30.431948],[-87.426377,30.409098],[-87.461078,30.3353],[-87.49998,30.328957],[-87.494879,30.305001],[-87.452378,30.300201],[-87.51838,30.283901],[-87.518346,30.229506]]]]}},{"type":"Feature","id":"IL","properties":{"name":"Illinois","abbreviation":"IL","stateFips":"17","geoid":"17"},"geometry":{"type":"Polygon","coordinates":[[[-88.02802,37.799197],[-88.090039,37.816771],[-88.043831,37.821525],[-88.094956,37.893689],[-88.013355,37.894854],[-88.037013,37.956276],[-88.012574,37.977062],[-88.017631,38.034745],[-88.042132,38.046345],[-87.967226,38.067105],[-87.960677,38.100191],[-88.004697,38.083965],[-88.013118,38.103527],[-87.944825,38.127272],[-87.911034,38.162194],[-87.982763,38.206705],[-87.981868,38.256444],[-87.960225,38.237118],[-87.924973,38.298659],[-87.906841,38.269634],[-87.878303,38.307849],[-87.85113,38.27512],[-87.806075,38.363143],[-87.743772,38.413115],[-87.73082,38.449228],[-87.744644,38.477266],[-87.714047,38.47988],[-87.645371,38.513835],[-87.670071,38.545237],[-87.650141,38.557735],[-87.597247,38.665314],[-87.51961,38.697198],[-87.495905,38.785434],[-87.527407,38.818766],[-87.525893,38.848795],[-87.552028,38.860318],[-87.544089,38.895093],[-87.518008,38.902705],[-87.513346,38.956],[-87.573466,38.985441],[-87.572588,39.057286],[-87.620258,39.086572],[-87.658745,39.135997],[-87.577029,39.211123],[-87.580652,39.255237],[-87.604947,39.260212],[-87.618964,39.301691],[-87.578331,39.340343],[-87.531646,39.347888],[-87.533269,39.875036],[-87.53153,40.142775],[-87.526168,40.505761],[-87.526675,41.32691],[-87.523661,41.759907],[-87.207774,41.760956],[-87.150009,42.000033],[-87.019935,42.493498],[-87.803218,42.492566],[-88.0834,42.495637],[-88.656053,42.494844],[-88.77659,42.491913],[-89.66982,42.505044],[-90.157406,42.508325],[-90.642843,42.508481],[-90.65112,42.475189],[-90.570736,42.441701],[-90.555018,42.416138],[-90.477941,42.384151],[-90.415937,42.322699],[-90.430884,42.27823],[-90.391108,42.225473],[-90.209479,42.15268],[-90.162895,42.116718],[-90.164485,42.042105],[-90.140061,42.003252],[-90.162141,41.961293],[-90.153584,41.906614],[-90.187969,41.803163],[-90.278633,41.767358],[-90.315549,41.734426],[-90.313052,41.699631],[-90.343452,41.646959],[-90.343228,41.587833],[-90.412825,41.565329],[-90.461432,41.523533],[-90.540935,41.526133],[-90.595237,41.511032],[-90.655839,41.462132],[-90.737537,41.450127],[-90.847458,41.455019],[-90.930691,41.421368],[-90.975168,41.433985],[-91.048259,41.409748],[-91.073553,41.310481],[-91.114186,41.250029],[-91.041875,41.166484],[-90.989662,41.155707],[-90.94626,41.09473],[-90.942253,41.034702],[-90.962916,40.924957],[-90.9985,40.90812],[-91.096946,40.811403],[-91.092476,40.776838],[-91.115735,40.725168],[-91.12082,40.672777],[-91.185295,40.637803],[-91.247851,40.63839],[-91.359873,40.601805],[-91.406202,40.542698],[-91.369059,40.512532],[-91.381045,40.44849],[-91.372921,40.399108],[-91.419422,40.378264],[-91.46214,40.342414],[-91.506501,40.236304],[-91.510839,40.126137],[-91.489606,40.057435],[-91.494878,40.036453],[-91.420878,39.914865],[-91.447844,39.877951],[-91.433798,39.841865],[-91.363444,39.792804],[-91.367753,39.729029],[-91.27614,39.665759],[-91.223328,39.617603],[-91.185921,39.605119],[-91.148275,39.545798],[-91.100911,39.539001],[-91.03827,39.448435],[-90.8475,39.345272],[-90.726981,39.251173],[-90.709146,39.155111],[-90.682744,39.088348],[-90.712541,39.057064],[-90.679027,38.993867],[-90.663018,38.926283],[-90.623356,38.887149],[-90.577576,38.868384],[-90.546831,38.874009],[-90.450813,38.967769],[-90.392721,38.959071],[-90.309454,38.92412],[-90.250248,38.919344],[-90.113327,38.849306],[-90.123107,38.798048],[-90.166364,38.772675],[-90.212002,38.711779],[-90.182602,38.665379],[-90.191803,38.59898],[-90.264056,38.521025],[-90.289901,38.433136],[-90.341446,38.388298],[-90.370819,38.333554],[-90.358628,38.221981],[-90.334172,38.189857],[-90.274843,38.157559],[-90.242574,38.112125],[-90.17222,38.069636],[-90.130788,38.062341],[-90.092838,38.01726],[-90.065045,38.016875],[-89.988108,37.961749],[-89.940687,37.970874],[-89.931267,37.948277],[-89.974186,37.919509],[-89.953359,37.884614],[-89.905631,37.869393],[-89.844786,37.905572],[-89.799329,37.881516],[-89.797542,37.862128],[-89.739875,37.846921],[-89.66038,37.786296],[-89.667868,37.760257],[-89.618067,37.74982],[-89.583316,37.713261],[-89.512009,37.685525],[-89.517718,37.641217],[-89.478399,37.598869],[-89.519808,37.582747],[-89.516447,37.535558],[-89.471201,37.466473],[-89.439769,37.4372],[-89.420939,37.393952],[-89.43604,37.344441],[-89.491194,37.331361],[-89.518469,37.286256],[-89.489915,37.251315],[-89.457832,37.242594],[-89.461862,37.199517],[-89.42558,37.138235],[-89.37871,37.094586],[-89.376632,37.038482],[-89.29213,36.992189],[-89.257608,37.015496],[-89.301368,37.044982],[-89.307726,37.069654],[-89.259935,37.06407],[-89.203408,37.018856],[-89.192097,36.979995],[-89.132915,36.982057],[-89.170173,37.007067],[-89.182467,37.039164],[-89.167355,37.075041],[-89.1095,37.123093],[-89.087143,37.16493],[-89.029866,37.211065],[-88.972886,37.229868],[-88.91618,37.223991],[-88.79988,37.186471],[-88.732499,37.143945],[-88.616911,37.116004],[-88.572863,37.079656],[-88.528983,37.066826],[-88.458517,37.076098],[-88.424756,37.150732],[-88.448038,37.203642],[-88.515903,37.284091],[-88.484683,37.345234],[-88.474645,37.390783],[-88.409229,37.425315],[-88.36439,37.401754],[-88.281631,37.452729],[-88.080892,37.473911],[-88.069011,37.525399],[-88.134281,37.574636],[-88.159986,37.659715],[-88.120233,37.711227],[-88.069638,37.733716],[-88.02802,37.799197]]]}},{"type":"Feature","id":"MN","properties":{"name":"Minnesota","abbreviation":"MN","stateFips":"27","geoid":"27"},"geometry":{"type":"Polygon","coordinates":[[[-89.483385,48.013716],[-89.580973,47.995939],[-89.610696,48.017927],[-89.65303,48.004255],[-89.775716,48.02273],[-89.820753,48.014894],[-89.871351,47.985853],[-89.993825,48.028091],[-90.023331,48.084748],[-90.132567,48.111671],[-90.305792,48.105149],[-90.374769,48.090954],[-90.403153,48.105095],[-90.556701,48.095931],[-90.57968,48.123797],[-90.641495,48.103516],[-90.761404,48.098384],[-90.776175,48.161888],[-90.836402,48.177028],[-90.839296,48.239559],[-90.885757,48.245953],[-90.976981,48.219555],[-91.023695,48.19043],[-91.082473,48.181152],[-91.249695,48.084092],[-91.370827,48.069732],[-91.429571,48.048653],[-91.488184,48.068378],[-91.56751,48.043789],[-91.559112,48.108593],[-91.639921,48.09711],[-91.697776,48.141598],[-91.715364,48.199504],[-91.815452,48.211814],[-91.864358,48.206947],[-91.893105,48.23798],[-91.942078,48.230362],[-92.006525,48.265411],[-92.000115,48.321096],[-92.046944,48.334772],[-92.055221,48.359364],[-92.206718,48.345646],[-92.262549,48.354913],[-92.306175,48.316246],[-92.269578,48.248185],[-92.369917,48.220279],[-92.415634,48.295087],[-92.469771,48.352092],[-92.456399,48.401105],[-92.50747,48.447979],[-92.656223,48.436474],[-92.712682,48.462982],[-92.698675,48.49484],[-92.637099,48.499329],[-92.634886,48.542557],[-92.728412,48.539372],[-92.929556,48.60693],[-92.949791,48.63033],[-92.984573,48.623819],[-93.090338,48.627776],[-93.178376,48.623258],[-93.207529,48.642505],[-93.254654,48.642814],[-93.348665,48.626454],[-93.467171,48.588404],[-93.467378,48.546451],[-93.542504,48.529981],[-93.647314,48.517665],[-93.793369,48.516311],[-93.818489,48.531413],[-93.804159,48.570213],[-93.848045,48.630753],[-93.953017,48.634127],[-94.244515,48.653461],[-94.264495,48.69899],[-94.415832,48.710971],[-94.438829,48.694828],[-94.538515,48.702701],[-94.587653,48.717578],[-94.690902,48.777999],[-94.702009,48.831824],[-94.683457,48.88412],[-94.74965,49.09874],[-94.772784,49.120507],[-94.825535,49.294354],[-94.816264,49.321399],[-94.854055,49.324341],[-94.957394,49.370198],[-95.058302,49.353253],[-95.153395,49.384479],[-95.153191,48.99887],[-96.008418,48.999941],[-97.228961,49.000454],[-97.238218,48.966073],[-97.219476,48.92112],[-97.178677,48.876668],[-97.190278,48.815857],[-97.156858,48.789941],[-97.137589,48.727569],[-97.091896,48.685982],[-97.120142,48.62168],[-97.171971,48.56495],[-97.141799,48.551262],[-97.154034,48.521669],[-97.1315,48.489006],[-97.149236,48.443358],[-97.131479,48.406586],[-97.16329,48.391987],[-97.120301,48.327098],[-97.135546,48.287059],[-97.11657,48.279661],[-97.148345,48.223742],[-97.122884,48.216494],[-97.146531,48.144055],[-97.071288,48.045797],[-97.053553,47.991612],[-97.055597,47.949129],[-97.018107,47.920228],[-97.0229,47.873702],[-96.955858,47.774815],[-96.934883,47.767209],[-96.919691,47.710095],[-96.885419,47.663884],[-96.878982,47.618812],[-96.849908,47.590754],[-96.869047,47.528906],[-96.844093,47.516873],[-96.863115,47.457868],[-96.86083,47.417516],[-96.830618,47.338014],[-96.84626,47.260819],[-96.836863,47.196095],[-96.8191,47.165207],[-96.840564,47.150803],[-96.816823,47.10912],[-96.817708,47.052309],[-96.839515,47.007162],[-96.791074,46.927315],[-96.753257,46.924563],[-96.773826,46.903631],[-96.802609,46.812108],[-96.780834,46.745963],[-96.796041,46.631209],[-96.749132,46.583674],[-96.739578,46.48717],[-96.667422,46.376117],[-96.59966,46.330481],[-96.592682,46.175211],[-96.554436,46.084186],[-96.577875,46.027034],[-96.563672,45.935245],[-96.583085,45.820024],[-96.672665,45.732336],[-96.75035,45.698782],[-96.838648,45.647509],[-96.856834,45.605378],[-96.763432,45.520007],[-96.731396,45.45702],[-96.680454,45.410499],[-96.619752,45.408884],[-96.489065,45.357071],[-96.453097,45.300751],[-96.45144,44.806361],[-96.453404,44.025431],[-96.45326,43.50039],[-95.689309,43.499881],[-95.167595,43.501021],[-93.298874,43.499459],[-92.1719,43.50078],[-91.217706,43.50055],[-91.24382,43.54913],[-91.236666,43.587656],[-91.268748,43.615348],[-91.268455,43.709824],[-91.244135,43.774667],[-91.284138,43.847065],[-91.440541,44.001518],[-91.582604,44.027381],[-91.646446,44.063337],[-91.710597,44.12048],[-91.817302,44.164235],[-91.875158,44.200575],[-91.896964,44.275671],[-91.920282,44.286496],[-91.928224,44.335473],[-91.959996,44.359797],[-92.053549,44.401375],[-92.221083,44.440386],[-92.298484,44.494621],[-92.317357,44.542512],[-92.347567,44.557149],[-92.436486,44.552884],[-92.5187,44.575228],[-92.539909,44.567456],[-92.568946,44.603372],[-92.622537,44.616054],[-92.621847,44.639018],[-92.732043,44.714345],[-92.808415,44.751604],[-92.765668,44.84101],[-92.773103,44.901367],[-92.750645,44.937299],[-92.769445,44.97215],[-92.761953,45.0221],[-92.802911,45.065403],[-92.739527,45.116515],[-92.753207,45.174766],[-92.762004,45.288213],[-92.698967,45.336374],[-92.704054,45.35366],[-92.650284,45.398769],[-92.646602,45.441635],[-92.726677,45.514462],[-92.726082,45.541112],[-92.773412,45.568235],[-92.823309,45.560934],[-92.883749,45.575483],[-92.88898,45.642475],[-92.869193,45.717568],[-92.784617,45.764199],[-92.765681,45.827252],[-92.706372,45.895445],[-92.639936,45.933541],[-92.551186,45.95224],[-92.525186,45.983862],[-92.472761,45.972952],[-92.442259,46.016177],[-92.410014,46.027251],[-92.350407,46.016368],[-92.335335,46.059422],[-92.294033,46.074377],[-92.292192,46.666042],[-92.270592,46.650741],[-92.212392,46.649941],[-92.181359,46.680241],[-92.189091,46.717541],[-92.146292,46.716032],[-92.14329,46.73464],[-92.089493,46.749237],[-92.020294,46.704041],[-91.500181,46.91332],[-91.000181,47.149766],[-90.65466,47.309822],[-89.957102,47.291103],[-89.625167,47.799549],[-89.483385,48.013716]]]}},{"type":"Feature","id":"MD","properties":{"name":"Maryland","abbreviation":"MD","stateFips":"24","geoid":"24"},"geometry":{"type":"Polygon","coordinates":[[[-74.986282,38.451632],[-75.232115,38.451222],[-75.509398,38.454284],[-75.69367,38.46008],[-75.788521,39.648133],[-75.788596,39.722199],[-77.502821,39.719886],[-77.929484,39.722327],[-79.045548,39.722883],[-79.476662,39.721078],[-79.482366,39.531689],[-79.486875,39.205896],[-79.42423,39.226842],[-79.346282,39.293815],[-79.290013,39.299871],[-79.256882,39.355459],[-79.214443,39.363405],[-79.197556,39.388461],[-79.165187,39.387147],[-79.160305,39.415923],[-79.127442,39.418177],[-79.100194,39.476999],[-79.048214,39.483495],[-79.033719,39.46698],[-78.955517,39.441705],[-78.95754,39.463903],[-78.91672,39.48632],[-78.778275,39.622703],[-78.733574,39.613775],[-78.778248,39.601899],[-78.755628,39.580662],[-78.654697,39.534605],[-78.61991,39.539236],[-78.566115,39.519371],[-78.468923,39.516483],[-78.42632,39.559222],[-78.445456,39.591446],[-78.39704,39.590225],[-78.42478,39.624541],[-78.378542,39.607963],[-78.355323,39.640663],[-78.266648,39.618951],[-78.254252,39.639976],[-78.181871,39.695316],[-78.104433,39.68144],[-78.037405,39.637044],[-78.006719,39.601483],[-77.933619,39.618136],[-77.889135,39.597453],[-77.886805,39.614621],[-77.840603,39.606778],[-77.835676,39.567156],[-77.886918,39.55997],[-77.845321,39.498098],[-77.797252,39.489465],[-77.780302,39.464658],[-77.803269,39.43799],[-77.753728,39.423908],[-77.735869,39.391172],[-77.755728,39.333938],[-77.719519,39.321314],[-77.568753,39.306447],[-77.54084,39.265269],[-77.45771,39.224979],[-77.527322,39.146961],[-77.518447,39.119782],[-77.481015,39.105689],[-77.460602,39.074843],[-77.340144,39.062909],[-77.245093,39.022146],[-77.245067,38.982782],[-77.145081,38.963146],[-77.119759,38.934343],[-77.040882,38.995845],[-76.909393,38.892852],[-77.039006,38.791645],[-77.043338,38.718468],[-77.122632,38.685256],[-77.129682,38.634704],[-77.203696,38.618172],[-77.246362,38.593441],[-77.256521,38.560493],[-77.318542,38.474437],[-77.32291,38.432625],[-77.283796,38.342855],[-77.235208,38.332536],[-77.163219,38.345823],[-77.137734,38.368023],[-77.086678,38.367928],[-77.041505,38.400692],[-77.011506,38.374561],[-77.030683,38.311622],[-76.962035,38.256893],[-76.94902,38.208418],[-76.87849,38.173764],[-76.610384,38.148516],[-76.596128,38.106892],[-76.535402,38.073626],[-76.516609,38.026783],[-76.465008,38.01322],[-76.412934,37.966332],[-76.338617,37.945286],[-76.233415,37.887638],[-76.052021,37.953578],[-75.943693,37.946133],[-75.952672,37.906827],[-75.80124,37.912174],[-75.761642,37.941366],[-75.691321,37.955496],[-75.647606,37.947025],[-75.624449,37.994195],[-75.249609,38.026715],[-75.166435,38.027834],[-75.124625,38.093901],[-75.087813,38.189356],[-74.999625,38.371668],[-74.986282,38.451632]]]}},{"type":"Feature","id":"RI","properties":{"name":"Rhode Island","abbreviation":"RI","stateFips":"44","geoid":"44"},"geometry":{"type":"MultiPolygon","coordinates":[[[[-71.670491,41.194503],[-71.668345,41.12825],[-71.611673,41.097413],[-71.528168,41.103114],[-71.491432,41.125104],[-71.476925,41.168157],[-71.492196,41.240876],[-71.557569,41.294018],[-71.624504,41.274129],[-71.670491,41.194503]]],[[[-71.088571,41.431315],[-71.121116,41.492787],[-71.132557,41.660363],[-71.195479,41.67509],[-71.261067,41.752082],[-71.328472,41.780694],[-71.347545,41.823246],[-71.338787,41.898593],[-71.381463,41.893546],[-71.381401,42.018798],[-71.799188,42.008053],[-71.787247,41.656065],[-71.797747,41.416834],[-71.842029,41.410706],[-71.829365,41.342432],[-71.857458,41.320789],[-71.892067,41.330075],[-71.907258,41.304483],[-71.790972,41.184101],[-71.79148,41.272165],[-71.672595,41.289079],[-71.575253,41.320955],[-71.494805,41.307355],[-71.374495,41.339011],[-71.124594,41.411474],[-71.088571,41.431315]]]]}},{"type":"Feature","id":"ID","properties":{"name":"Idaho","abbreviation":"ID","stateFips":"16","geoid":"16"},"geometry":{"type":"Polygon","coordinates":[[[-116.049086,49.000846],[-117.032345,48.999201],[-117.035086,48.38521],[-117.04212,48.031146],[-117.039799,47.45434],[-117.039766,46.425887],[-117.056647,46.345811],[-116.984804,46.293088],[-116.957742,46.239197],[-116.966306,46.209195],[-116.92135,46.164514],[-116.959694,46.099013],[-116.982465,46.091935],[-116.942793,46.061115],[-116.916071,45.995357],[-116.87598,45.954775],[-116.866544,45.916958],[-116.796459,45.861224],[-116.763402,45.81658],[-116.697192,45.820135],[-116.665268,45.782059],[-116.59421,45.77908],[-116.535698,45.734231],[-116.535117,45.691277],[-116.463504,45.615785],[-116.481943,45.577898],[-116.524172,45.548565],[-116.556029,45.507019],[-116.55483,45.46293],[-116.588195,45.44292],[-116.674648,45.315082],[-116.67473,45.275844],[-116.703697,45.240099],[-116.728757,45.144381],[-116.774847,45.105536],[-116.797329,45.060267],[-116.847944,45.022602],[-116.857549,44.982567],[-116.83199,44.933007],[-116.865338,44.870603],[-116.932199,44.802781],[-116.9347,44.783881],[-117.044217,44.74514],[-117.095868,44.664737],[-117.144161,44.545647],[-117.224104,44.483734],[-117.215072,44.427162],[-117.242675,44.396548],[-117.189842,44.335007],[-117.22274,44.298326],[-117.170341,44.258889],[-117.104207,44.279942],[-117.046148,44.230669],[-117.031862,44.248635],[-116.975382,44.242392],[-116.967259,44.194581],[-116.903607,44.179985],[-116.895931,44.154295],[-116.933701,44.100043],[-116.975956,44.0829],[-116.973185,44.049425],[-116.934499,44.021218],[-116.960478,43.963413],[-116.961535,43.918388],[-116.980544,43.91483],[-116.982347,43.86884],[-117.019337,43.859418],[-117.026634,43.80811],[-117.0262,42.000195],[-116.368477,41.99628],[-116.243962,41.997651],[-115.033002,41.996245],[-114.816425,42.001791],[-114.598281,41.994594],[-114.041477,41.993873],[-113.901578,41.988552],[-113.237405,41.996089],[-112.700984,42.000169],[-112.173148,42.001515],[-112.153848,41.997226],[-111.046714,42.001702],[-111.047321,42.392647],[-111.043547,42.719502],[-111.045423,43.622121],[-111.049695,44.353626],[-111.052434,44.478411],[-111.130659,44.500131],[-111.131382,44.532429],[-111.227631,44.576687],[-111.240889,44.614525],[-111.219319,44.622521],[-111.296879,44.691444],[-111.324378,44.729548],[-111.392969,44.75231],[-111.414273,44.710739],[-111.431733,44.720694],[-111.488784,44.705643],[-111.468514,44.678733],[-111.52561,44.60474],[-111.507408,44.562079],[-111.468082,44.540048],[-111.514547,44.536567],[-111.584981,44.562364],[-111.614345,44.548671],[-111.704152,44.559648],[-111.76288,44.52578],[-111.82153,44.508941],[-111.866447,44.5631],[-111.947782,44.557013],[-111.975369,44.536145],[-112.032707,44.546642],[-112.096484,44.522992],[-112.136672,44.53986],[-112.183657,44.532953],[-112.229225,44.564089],[-112.288673,44.56791],[-112.319494,44.538904],[-112.35181,44.537877],[-112.356688,44.492621],[-112.386524,44.447308],[-112.473419,44.479359],[-112.500389,44.462773],[-112.549541,44.484696],[-112.660867,44.485952],[-112.71793,44.504273],[-112.780494,44.484724],[-112.839706,44.424021],[-112.812302,44.377024],[-112.844565,44.357969],[-112.901649,44.398849],[-113.001978,44.449857],[-113.026824,44.495512],[-113.006788,44.526208],[-113.047765,44.548283],[-113.03955,44.567302],[-113.088292,44.599663],[-113.057452,44.618341],[-113.067978,44.679015],[-113.101618,44.729465],[-113.194359,44.80215],[-113.247192,44.822954],[-113.340471,44.784682],[-113.357242,44.820651],[-113.422244,44.83781],[-113.455071,44.865424],[-113.496225,44.947675],[-113.443877,44.960014],[-113.449336,45.046515],[-113.52275,45.09201],[-113.512824,45.116852],[-113.576725,45.131237],[-113.589449,45.177301],[-113.692937,45.264197],[-113.678962,45.275889],[-113.738729,45.329741],[-113.734402,45.392353],[-113.773753,45.406359],[-113.759733,45.42711],[-113.784224,45.45501],[-113.759932,45.480642],[-113.766013,45.520526],[-113.834778,45.520657],[-113.796821,45.581533],[-113.806431,45.60163],[-113.862118,45.623799],[-113.904691,45.622007],[-113.895278,45.643847],[-113.939105,45.69578],[-113.988214,45.705928],[-114.019168,45.692631],[-114.013704,45.658292],[-114.121262,45.584592],[-114.136182,45.557019],[-114.194691,45.536154],[-114.248358,45.545107],[-114.269892,45.484552],[-114.344184,45.459683],[-114.36823,45.492366],[-114.423415,45.509299],[-114.463912,45.545029],[-114.526117,45.570783],[-114.565491,45.562601],[-114.538053,45.606143],[-114.560665,45.640242],[-114.499667,45.668513],[-114.504182,45.721814],[-114.54785,45.743264],[-114.566348,45.772739],[-114.509644,45.845357],[-114.437715,45.862608],[-114.409654,45.851573],[-114.387868,45.883926],[-114.431396,45.93604],[-114.411755,45.97787],[-114.487771,46.004176],[-114.507315,46.031163],[-114.466988,46.065781],[-114.474454,46.113108],[-114.52123,46.125325],[-114.514692,46.167726],[-114.445234,46.167946],[-114.45209,46.241291],[-114.470795,46.265377],[-114.427616,46.283365],[-114.433434,46.305549],[-114.410162,46.365498],[-114.422447,46.387046],[-114.368786,46.436508],[-114.402355,46.500582],[-114.342985,46.51804],[-114.344197,46.589969],[-114.320705,46.64695],[-114.357919,46.668695],[-114.424178,46.660629],[-114.466834,46.631801],[-114.541704,46.649944],[-114.61311,46.63847],[-114.641443,46.679492],[-114.620787,46.707262],[-114.664572,46.739084],[-114.699132,46.740178],[-114.752198,46.697142],[-114.788451,46.714059],[-114.76509,46.75815],[-114.830671,46.783605],[-114.865779,46.814529],[-114.895516,46.801965],[-114.920731,46.827083],[-114.926248,46.919469],[-114.960964,46.930408],[-115.001274,46.971901],[-115.047857,46.969532],[-115.087426,47.045716],[-115.139296,47.079247],[-115.143964,47.101754],[-115.243106,47.150729],[-115.262871,47.181755],[-115.340849,47.26285],[-115.411585,47.264369],[-115.528509,47.299244],[-115.548841,47.346958],[-115.617247,47.38252],[-115.642921,47.377367],[-115.675245,47.409393],[-115.746619,47.442311],[-115.640163,47.459687],[-115.629488,47.47961],[-115.686264,47.48494],[-115.71131,47.523108],[-115.754514,47.552454],[-115.687758,47.5953],[-115.694444,47.623761],[-115.736379,47.655166],[-115.722714,47.694855],[-115.773442,47.717568],[-115.797498,47.757334],[-115.823774,47.752611],[-115.847493,47.786485],[-115.852312,47.827857],[-115.901401,47.843097],[-115.983058,47.91629],[-116.030387,47.972619],[-116.049108,47.976842],[-116.049086,49.000846]]]}},{"type":"Feature","id":"NH","properties":{"name":"New Hampshire","abbreviation":"NH","stateFips":"33","geoid":"33"},"geometry":{"type":"Polygon","coordinates":[[[-70.575094,42.917126],[-70.611152,42.97899],[-70.701197,43.04524],[-70.70631,43.075339],[-70.737969,43.073728],[-70.824577,43.125069],[-70.828057,43.186529],[-70.817826,43.238156],[-70.89707,43.285663],[-70.932826,43.337224],[-70.973461,43.349889],[-70.986676,43.406491],[-70.96159,43.443272],[-70.953944,43.522273],[-70.972743,43.57031],[-70.98904,43.790138],[-71.009961,44.284686],[-71.033524,44.697637],[-71.083928,45.305484],[-71.13291,45.244512],[-71.228261,45.249379],[-71.284224,45.302359],[-71.384137,45.233509],[-71.439569,45.234391],[-71.397459,45.203141],[-71.437608,45.141512],[-71.426096,45.129466],[-71.495667,45.064754],[-71.50108,45.013443],[-71.541317,44.985302],[-71.515001,44.958597],[-71.498425,44.910945],[-71.555487,44.849536],[-71.57864,44.785444],[-71.629919,44.753578],[-71.562806,44.652356],[-71.547726,44.571381],[-71.591174,44.565347],[-71.572263,44.538689],[-71.579741,44.501504],[-71.646325,44.473876],[-71.658906,44.442633],[-71.714279,44.409545],[-71.793675,44.399461],[-71.812993,44.355715],[-71.873053,44.336756],[-71.905357,44.348223],[-72.029002,44.322383],[-72.068218,44.272456],[-72.047954,44.23785],[-72.065853,44.189327],[-72.038921,44.15633],[-72.052715,44.101453],[-72.031627,44.07916],[-72.105283,44.013059],[-72.122114,43.918067],[-72.184418,43.864471],[-72.18338,43.810127],[-72.20523,43.77093],[-72.271105,43.733918],[-72.305133,43.695321],[-72.303439,43.667978],[-72.335148,43.616159],[-72.32848,43.600909],[-72.3738,43.579119],[-72.398871,43.512653],[-72.380147,43.492229],[-72.415274,43.365926],[-72.389822,43.356023],[-72.395315,43.312696],[-72.43714,43.256056],[-72.453056,43.139412],[-72.434516,43.086617],[-72.467445,43.053727],[-72.443672,43.009919],[-72.473076,42.972528],[-72.532022,42.954943],[-72.524606,42.914874],[-72.552622,42.885043],[-72.541513,42.807094],[-72.490547,42.772747],[-72.458412,42.726933],[-71.696505,42.705722],[-71.294637,42.697042],[-71.245426,42.742546],[-71.181786,42.737341],[-71.18614,42.790935],[-71.132805,42.821476],[-71.064416,42.806275],[-71.031201,42.859087],[-70.929594,42.885032],[-70.885602,42.882834],[-70.847718,42.860867],[-70.820238,42.871787],[-70.735005,42.874685],[-70.726024,42.928524],[-70.694395,42.956754],[-70.67286,42.930419],[-70.605724,42.912329],[-70.575094,42.917126]]]}},{"type":"Feature","id":"NC","properties":{"name":"North Carolina","abbreviation":"NC","stateFips":"37","geoid":"37"},"geometry":{"type":"Polygon","coordinates":[[[-75.797497,36.550916],[-76.748954,36.550748],[-76.915899,36.552149],[-76.915977,36.543884],[-77.749319,36.545452],[-78.249717,36.544485],[-78.510897,36.541049],[-78.933537,36.54219],[-79.543387,36.540856],[-80.29478,36.544053],[-80.729953,36.562349],[-80.837544,36.559168],[-81.307437,36.574961],[-81.362142,36.574489],[-81.67749,36.588137],[-81.699795,36.536727],[-81.694608,36.473372],[-81.741596,36.412587],[-81.707475,36.335225],[-81.764954,36.338722],[-81.793085,36.362408],[-81.908167,36.301966],[-82.033839,36.120475],[-82.128399,36.104013],[-82.148581,36.149859],[-82.213898,36.159041],[-82.245388,36.131199],[-82.288572,36.135727],[-82.355684,36.115139],[-82.410197,36.082552],[-82.460583,36.007724],[-82.558587,35.95389],[-82.610703,35.967203],[-82.613825,36.004917],[-82.590995,36.031574],[-82.63723,36.06582],[-82.754442,36.00439],[-82.77567,36.001068],[-82.78735,35.952496],[-82.821948,35.92183],[-82.85203,35.949329],[-82.898182,35.94523],[-82.914366,35.915232],[-82.896776,35.878257],[-82.920831,35.868178],[-82.962818,35.795651],[-82.995851,35.773085],[-83.078745,35.789587],[-83.165059,35.759504],[-83.185137,35.730753],[-83.240827,35.726856],[-83.254439,35.695308],[-83.312379,35.654706],[-83.334656,35.665662],[-83.422038,35.611049],[-83.445676,35.611747],[-83.498544,35.562888],[-83.695045,35.57024],[-83.770587,35.561743],[-83.825566,35.524311],[-83.880312,35.518782],[-83.911875,35.476068],[-83.96108,35.464138],[-84.023052,35.411933],[-84.007394,35.371649],[-84.03839,35.350924],[-84.021495,35.301083],[-84.097504,35.247598],[-84.199212,35.243667],[-84.227484,35.267926],[-84.290214,35.225432],[-84.321821,34.988408],[-83.61995,34.986669],[-83.620051,34.992032],[-83.108613,35.000659],[-82.783749,35.085545],[-82.756511,35.06736],[-82.727757,35.094166],[-82.459939,35.178005],[-82.434609,35.16798],[-82.41916,35.199414],[-82.383927,35.210848],[-82.380813,35.187458],[-82.323102,35.185173],[-82.29108,35.200085],[-82.161416,35.193422],[-81.763362,35.18049],[-81.309542,35.162939],[-81.034264,35.149257],[-81.033605,35.105702],[-81.056984,35.086446],[-81.041496,35.044713],[-80.934739,35.107318],[-80.781921,34.935848],[-80.797484,34.819803],[-80.472008,34.816599],[-79.931258,34.806711],[-79.676494,34.805065],[-79.390844,34.573292],[-79.249069,34.449377],[-78.734834,34.016028],[-78.499301,33.812852],[-78.399002,33.843262],[-78.262335,33.863163],[-78.145353,33.862734],[-78.066581,33.847985],[-78.01286,33.803863],[-77.99971,33.76713],[-77.964052,33.752899],[-77.917505,33.76382],[-77.893686,33.804702],[-77.89897,33.854639],[-77.830206,34.030283],[-77.785555,34.125171],[-77.691093,34.245744],[-77.623579,34.303162],[-77.516162,34.382443],[-77.418832,34.435923],[-77.295077,34.488968],[-77.219176,34.53966],[-77.124671,34.583147],[-76.999666,34.617009],[-76.818937,34.643253],[-76.6928,34.64295],[-76.614722,34.618278],[-76.58372,34.552625],[-76.524378,34.532155],[-76.491991,34.546532],[-76.444196,34.633155],[-76.374638,34.715991],[-76.249632,34.834631],[-76.124626,34.933081],[-76.02443,35.005364],[-75.998411,35.007389],[-75.908588,35.071522],[-75.807724,35.115906],[-75.6246,35.175824],[-75.581108,35.183784],[-75.548003,35.168184],[-75.499593,35.177172],[-75.4746,35.202029],[-75.425581,35.390009],[-75.40039,35.593512],[-75.437617,35.74696],[-75.480501,35.814207],[-75.566047,35.975614],[-75.670103,36.156074],[-75.749635,36.353606],[-75.790558,36.500156],[-75.797497,36.550916]]]}},{"type":"Feature","id":"VT","properties":{"name":"Vermont","abbreviation":"VT","stateFips":"50","geoid":"50"},"geometry":{"type":"Polygon","coordinates":[[[-72.458412,42.726933],[-72.490547,42.772747],[-72.541513,42.807094],[-72.552622,42.885043],[-72.524606,42.914874],[-72.532022,42.954943],[-72.473076,42.972528],[-72.443672,43.009919],[-72.467445,43.053727],[-72.434516,43.086617],[-72.453056,43.139412],[-72.43714,43.256056],[-72.395315,43.312696],[-72.389822,43.356023],[-72.415274,43.365926],[-72.380147,43.492229],[-72.398871,43.512653],[-72.3738,43.579119],[-72.32848,43.600909],[-72.335148,43.616159],[-72.303439,43.667978],[-72.305133,43.695321],[-72.271105,43.733918],[-72.20523,43.77093],[-72.18338,43.810127],[-72.184418,43.864471],[-72.122114,43.918067],[-72.105283,44.013059],[-72.031627,44.07916],[-72.052715,44.101453],[-72.038921,44.15633],[-72.065853,44.189327],[-72.047954,44.23785],[-72.068218,44.272456],[-72.029002,44.322383],[-71.905357,44.348223],[-71.873053,44.336756],[-71.812993,44.355715],[-71.793675,44.399461],[-71.714279,44.409545],[-71.658906,44.442633],[-71.646325,44.473876],[-71.579741,44.501504],[-71.572263,44.538689],[-71.591174,44.565347],[-71.547726,44.571381],[-71.562806,44.652356],[-71.629919,44.753578],[-71.57864,44.785444],[-71.555487,44.849536],[-71.498425,44.910945],[-71.515001,44.958597],[-71.541317,44.985302],[-71.50108,45.013443],[-72.311947,45.003787],[-72.555384,45.008023],[-72.63466,45.014691],[-73.06535,45.015956],[-73.343178,45.010713],[-73.338622,44.919366],[-73.356218,44.904492],[-73.379452,44.83801],[-73.335044,44.804109],[-73.363792,44.745254],[-73.370589,44.662518],[-73.38982,44.617211],[-73.381849,44.589316],[-73.306713,44.500335],[-73.296052,44.428334],[-73.333613,44.3723],[-73.310914,44.274298],[-73.363393,44.207737],[-73.390625,44.191068],[-73.437905,44.045125],[-73.410385,44.026503],[-73.408859,43.934505],[-73.3741,43.875304],[-73.391014,43.818411],[-73.351265,43.769823],[-73.370612,43.725329],[-73.402901,43.692495],[-73.42791,43.634428],[-73.428637,43.583994],[-73.398126,43.568065],[-73.37189,43.62449],[-73.302553,43.625709],[-73.297258,43.579691],[-73.248641,43.553858],[-73.246844,43.517252],[-73.256475,43.260093],[-73.278673,42.83341],[-73.290944,42.80192],[-73.264827,42.745851],[-72.809113,42.736581],[-72.458412,42.726933]]]}},{"type":"Feature","id":"CT","properties":{"name":"Connecticut","abbreviation":"CT","stateFips":"09","geoid":"09"},"geometry":{"type":"Polygon","coordinates":[[[-73.487319,42.049525],[-73.521041,41.619773],[-73.550962,41.295421],[-73.482695,41.212772],[-73.727775,41.100696],[-73.655241,41.011852],[-73.656771,40.984509],[-73.612885,40.950943],[-73.249557,41.025866],[-72.999547,41.087108],[-72.081775,41.26224],[-72.019214,41.290594],[-71.929451,41.310387],[-71.907258,41.304483],[-71.892067,41.330075],[-71.857458,41.320789],[-71.829365,41.342432],[-71.842029,41.410706],[-71.797747,41.416834],[-71.787247,41.656065],[-71.799188,42.008053],[-71.800671,42.023514],[-72.143151,42.030522],[-72.531549,42.034578],[-72.607978,42.031083],[-72.755894,42.036349],[-72.766733,42.003266],[-72.817053,41.997685],[-72.813784,42.036744],[-73.036802,42.039294],[-73.428515,42.050476],[-73.487319,42.049525]]]}},{"type":"Feature","id":"DE","properties":{"name":"Delaware","abbreviation":"DE","stateFips":"10","geoid":"10"},"geometry":{"type":"Polygon","coordinates":[[[-75.015123,38.788657],[-75.168462,39.056179],[-75.191671,39.079],[-75.321021,39.251379],[-75.560538,39.455645],[-75.55909,39.495806],[-75.527861,39.498139],[-75.533412,39.542044],[-75.51277,39.57829],[-75.553398,39.601766],[-75.558773,39.629987],[-75.51219,39.671767],[-75.45944,39.765811],[-75.415062,39.801919],[-75.461293,39.823286],[-75.544646,39.83915],[-75.647448,39.826703],[-75.719502,39.790365],[-75.773786,39.7222],[-75.788596,39.722199],[-75.788521,39.648133],[-75.69367,38.46008],[-75.509398,38.454284],[-75.232115,38.451222],[-74.986282,38.451632],[-74.985171,38.528171],[-75.015123,38.788657]]]}},{"type":"Feature","id":"NM","properties":{"name":"New Mexico","abbreviation":"NM","stateFips":"35","geoid":"35"},"geometry":{"type":"Polygon","coordinates":[[[-106.52794,31.78389],[-106.54714,31.807299],[-106.605297,31.82772],[-106.63592,31.866233],[-106.640062,31.905273],[-106.612865,31.920372],[-106.618486,32.000495],[-106.082896,32.00265],[-105.245188,32.000207],[-103.06451,32.000424],[-103.064625,32.999899],[-103.043651,34.003639],[-103.042519,35.214327],[-103.040864,35.957273],[-103.041713,36.500439],[-103.002359,36.500551],[-103.002329,37.00015],[-103.625507,36.998629],[-104.338833,36.993535],[-105.000551,36.993262],[-105.707852,36.995919],[-106.86982,36.992497],[-106.877232,37.0001],[-107.394861,37.000233],[-109.045172,36.998977],[-109.046196,36.07334],[-109.045957,34.682435],[-109.047006,34.00005],[-109.047988,32.341443],[-109.050033,31.332348],[-108.20847,31.333373],[-108.208484,31.783698],[-106.52794,31.78389]]]}},{"type":"Feature","id":"CA","properties":{"name":"California","abbreviation":"CA","stateFips":"06","geoid":"06"},"geometry":{"type":"MultiPolygon","coordinates":[[[[-114.633487,35.001857],[-114.994666,35.292511],[-115.418086,35.628389],[-116.000655,36.083857],[-116.488233,36.459097],[-116.880674,36.75692],[-117.500117,37.22038],[-117.875927,37.497267],[-118.714201,38.102105],[-119.097159,38.372851],[-119.461282,38.627533],[-120.001014,38.999574],[-120.006473,39.272878],[-120.00082,39.606828],[-119.997903,39.981636],[-119.995976,40.57055],[-119.999875,40.999894],[-119.998287,41.618818],[-119.999234,41.994944],[-120.326387,41.992586],[-121.019095,41.993386],[-121.188565,41.997384],[-121.344911,41.996214],[-122.378049,42.009503],[-122.721386,42.004123],[-123.043997,42.003084],[-123.145735,42.008761],[-123.347451,41.999277],[-123.624022,41.99977],[-123.657212,41.995094],[-124.328835,41.998334],[-124.284769,41.956834],[-124.27612,41.903052],[-124.285031,41.859487],[-124.365199,41.886568],[-124.411317,41.882056],[-124.438909,41.824504],[-124.405715,41.783141],[-124.330609,41.733793],[-124.211706,41.681193],[-124.211419,41.641688],[-124.188336,41.573996],[-124.160493,41.543409],[-124.136497,41.464265],[-124.139973,41.381821],[-124.188604,41.389267],[-124.235174,41.363833],[-124.236177,41.317977],[-124.160704,41.289293],[-124.195532,41.184582],[-124.244308,41.158319],[-124.24743,41.092224],[-124.204984,41.013638],[-124.182694,41.001313],[-124.232622,40.869286],[-124.368878,40.669706],[-124.447677,40.529709],[-124.478625,40.422102],[-124.429462,40.364906],[-124.418542,40.318753],[-124.42915,40.266915],[-124.392777,40.209799],[-124.231204,40.093382],[-124.156646,40.065885],[-124.141086,40.010971],[-124.078596,39.972263],[-124.009637,39.893749],[-123.982946,39.876778],[-123.938591,39.814944],[-123.910529,39.799575],[-123.895741,39.711406],[-123.857183,39.674693],[-123.849387,39.57829],[-123.834649,39.549194],[-123.867826,39.508305],[-123.887402,39.453036],[-123.893085,39.337494],[-123.850092,39.231396],[-123.83888,39.183339],[-123.80921,39.141043],[-123.761965,39.041091],[-123.763148,39.00869],[-123.80986,38.961219],[-123.784676,38.893728],[-123.717807,38.827921],[-123.578005,38.717583],[-123.51058,38.68089],[-123.360929,38.510202],[-123.32381,38.498614],[-123.269188,38.457569],[-123.22022,38.441954],[-123.134312,38.345786],[-123.134523,38.296263],[-123.051963,38.215855],[-123.014817,38.149132],[-123.08388,37.983366],[-123.067965,37.958669],[-123.022507,37.942065],[-122.953224,37.941093],[-122.902284,37.977386],[-122.85046,37.945585],[-122.838896,37.918914],[-122.789027,37.893763],[-122.752466,37.857699],[-122.675654,37.848517],[-122.612285,37.815224],[-122.588174,37.789362],[-122.567497,37.639185],[-122.586454,37.592529],[-122.574963,37.499943],[-122.546996,37.457857],[-122.509889,37.441554],[-122.465869,37.34124],[-122.484046,37.249944],[-122.464117,37.177848],[-122.396916,37.109888],[-122.376086,37.065648],[-122.313899,37.054764],[-122.251082,36.985833],[-122.172024,36.942681],[-122.076399,36.910199],[-122.001124,36.647704],[-122.042748,36.596627],[-122.017455,36.537405],[-122.021998,36.508908],[-121.970391,36.383368],[-121.959053,36.287108],[-121.880193,36.210314],[-121.770693,36.162014],[-121.727812,36.129009],[-121.674359,36.064661],[-121.64818,35.998617],[-121.620365,35.969109],[-121.561461,35.943818],[-121.519192,35.8634],[-121.39346,35.763401],[-121.366362,35.680419],[-121.323512,35.624969],[-121.201555,35.58369],[-121.151056,35.516412],[-121.041635,35.41999],[-120.933292,35.392748],[-120.923435,35.348413],[-120.960247,35.243622],[-120.917792,35.187378],[-120.8473,35.137869],[-120.800411,35.116577],[-120.725503,35.113576],[-120.689606,35.098828],[-120.694715,35.028839],[-120.725745,34.9465],[-120.73382,34.896041],[-120.712967,34.862902],[-120.673281,34.838624],[-120.702093,34.748329],[-120.664691,34.696344],[-120.707183,34.616211],[-120.712757,34.568297],[-120.684529,34.527131],[-120.64236,34.503765],[-120.559439,34.488466],[-120.523646,34.419505],[-120.450998,34.391184],[-120.287125,34.417609],[-120.13512,34.422061],[-120.044814,34.412454],[-119.898502,34.360358],[-119.837921,34.354318],[-119.797067,34.365331],[-119.707593,34.337324],[-119.651357,34.366708],[-119.584795,34.36166],[-119.500953,34.326922],[-119.466995,34.29366],[-119.401994,34.272258],[-119.335926,34.237523],[-119.285743,34.140805],[-119.217993,34.062491],[-119.158963,34.040253],[-119.027407,34.014919],[-118.952426,33.992959],[-118.887301,33.987223],[-118.824893,33.949042],[-118.746391,33.975501],[-118.557356,33.987673],[-118.523447,33.953049],[-118.443968,33.839057],[-118.484483,33.803154],[-118.485577,33.753664],[-118.466962,33.725524],[-118.345415,33.663427],[-118.274239,33.663429],[-118.237008,33.690595],[-118.1259,33.697151],[-118.096473,33.653651],[-117.934046,33.549254],[-117.816356,33.490872],[-117.735336,33.407436],[-117.713571,33.408777],[-117.62588,33.342109],[-117.571531,33.312302],[-117.520999,33.268872],[-117.435563,33.177512],[-117.375872,33.075217],[-117.323279,32.903064],[-117.342,32.840354],[-117.3303,32.804817],[-117.320939,32.689847],[-117.276916,32.623474],[-117.223302,32.621238],[-117.205051,32.529508],[-117.12607,32.534189],[-116.548138,32.582891],[-115.705517,32.649304],[-115.174334,32.687799],[-114.719497,32.718739],[-114.702223,32.74541],[-114.61567,32.728454],[-114.526856,32.757094],[-114.531669,32.791185],[-114.468971,32.845155],[-114.462929,32.907944],[-114.52013,33.029984],[-114.598093,33.025384],[-114.645979,33.048902],[-114.670803,33.037983],[-114.706488,33.08816],[-114.67935,33.162433],[-114.677032,33.270169],[-114.731223,33.302433],[-114.700938,33.337014],[-114.720065,33.407891],[-114.62964,33.428137],[-114.622918,33.456561],[-114.558023,33.532589],[-114.524215,33.553068],[-114.540617,33.591412],[-114.522071,33.611277],[-114.532123,33.669702],[-114.496489,33.696901],[-114.507089,33.76793],[-114.52805,33.814963],[-114.529883,33.857563],[-114.503887,33.865754],[-114.534146,33.925187],[-114.438266,34.022609],[-114.434181,34.087379],[-114.415908,34.107636],[-114.324576,34.136759],[-114.286724,34.170715],[-114.254141,34.17383],[-114.164476,34.251667],[-114.13545,34.257886],[-114.138282,34.30323],[-114.176909,34.349306],[-114.226107,34.365916],[-114.339627,34.451435],[-114.386699,34.457911],[-114.380838,34.529724],[-114.436363,34.596797],[-114.424202,34.610453],[-114.47162,34.712966],[-114.552682,34.766871],[-114.592339,34.841153],[-114.636768,34.885705],[-114.633487,35.001857]]],[[[-123.169107,37.792365],[-123.172926,37.7636],[-123.132597,37.719393],[-123.09285,37.713688],[-123.068589,37.673041],[-123.000912,37.63993],[-122.949068,37.663377],[-122.93571,37.697618],[-122.949985,37.732187],[-122.997538,37.770784],[-123.033841,37.778375],[-123.070494,37.81383],[-123.118289,37.823058],[-123.169107,37.792365]]],[[[-119.49229,33.983215],[-119.432961,33.955905],[-119.380456,33.953611],[-119.318443,33.974899],[-119.296238,33.99724],[-119.305153,34.047449],[-119.342462,34.068964],[-119.467842,34.062931],[-119.512106,34.09346],[-119.565522,34.108809],[-119.614268,34.099432],[-119.654931,34.071218],[-119.745222,34.110917],[-119.928795,34.129902],[-119.965471,34.11256],[-119.991643,34.064868],[-120.019503,34.087718],[-120.171128,34.073318],[-120.194114,34.058721],[-120.252846,34.058031],[-120.284651,34.09475],[-120.338562,34.121687],[-120.361978,34.14878],[-120.418787,34.160569],[-120.471654,34.134102],[-120.497378,34.149892],[-120.560998,34.140664],[-120.582264,34.107517],[-120.573808,34.075966],[-120.523387,34.051133],[-120.518784,34.01408],[-120.466777,33.976116],[-120.411766,33.977045],[-120.367073,33.961036],[-120.298973,33.968457],[-120.273096,33.929577],[-120.221128,33.884187],[-120.139927,33.844799],[-120.104088,33.842396],[-119.928799,33.905471],[-119.904762,33.939674],[-119.823208,33.89939],[-119.789372,33.910131],[-119.707491,33.910388],[-119.63673,33.938277],[-119.532825,33.949874],[-119.49229,33.983215]]],[[[-119.108718,33.519264],[-119.108879,33.451151],[-119.053071,33.411024],[-118.980512,33.428593],[-118.962728,33.473301],[-118.982149,33.52426],[-119.023943,33.540003],[-119.108718,33.519264]]],[[[-119.625944,33.305036],[-119.631283,33.244974],[-119.574192,33.186484],[-119.51025,33.167417],[-119.433717,33.166987],[-119.375937,33.192186],[-119.360926,33.24206],[-119.426177,33.298941],[-119.525313,33.334862],[-119.59252,33.325823],[-119.625944,33.305036]]],[[[-118.675605,33.049349],[-118.670173,33.000034],[-118.644732,33.000033],[-118.59693,32.890466],[-118.538197,32.81277],[-118.436538,32.75004],[-118.353494,32.765807],[-118.302848,32.788846],[-118.289894,32.829383],[-118.310343,32.859505],[-118.448863,32.96175],[-118.542103,33.073788],[-118.578337,33.086243],[-118.641301,33.081882],[-118.675605,33.049349]]],[[[-118.66371,33.500025],[-118.655057,33.44531],[-118.607228,33.398294],[-118.547929,33.376799],[-118.547476,33.34048],[-118.518037,33.29665],[-118.455072,33.269019],[-118.385589,33.265358],[-118.327993,33.248083],[-118.259178,33.272505],[-118.241051,33.313029],[-118.262748,33.37044],[-118.359393,33.464922],[-118.436835,33.489443],[-118.523236,33.530153],[-118.612158,33.53185],[-118.66371,33.500025]]]]}},{"type":"Feature","id":"NJ","properties":{"name":"New Jersey","abbreviation":"NJ","stateFips":"34","geoid":"34"},"geometry":{"type":"Polygon","coordinates":[[[-75.015123,38.788657],[-74.910968,38.875112],[-74.815052,38.901819],[-74.728402,38.974249],[-74.715571,39.009216],[-74.642169,39.084574],[-74.644279,39.114824],[-74.555609,39.219755],[-74.461615,39.301023],[-74.362513,39.325781],[-74.265918,39.422415],[-74.096531,39.649949],[-74.038158,39.75012],[-73.999577,39.976798],[-73.966265,40.108597],[-73.898208,40.274353],[-73.887082,40.345009],[-73.889645,40.486511],[-73.977874,40.519095],[-74.225331,40.476578],[-74.253036,40.48666],[-74.250284,40.5423],[-74.214575,40.560533],[-74.2024,40.631592],[-74.18165,40.646528],[-74.126018,40.642151],[-74.055749,40.651476],[-74.02639,40.700103],[-74.014029,40.757551],[-73.929821,40.888682],[-73.896144,40.981873],[-73.902715,40.997327],[-74.330675,41.185457],[-74.457862,41.248427],[-74.69558,41.357607],[-74.752398,41.346536],[-74.837787,41.278009],[-74.882331,41.180821],[-74.924469,41.13753],[-74.979985,41.110507],[-74.969123,41.086803],[-75.013469,41.065941],[-75.026847,41.039731],[-75.130575,40.991093],[-75.135521,40.976865],[-75.053664,40.87366],[-75.083929,40.824471],[-75.139106,40.773606],[-75.171587,40.777745],[-75.196535,40.751631],[-75.182804,40.73365],[-75.203921,40.691498],[-75.177299,40.677395],[-75.200452,40.649219],[-75.195496,40.578627],[-75.134995,40.575662],[-75.068581,40.542185],[-75.060917,40.421737],[-75.031778,40.404813],[-74.967499,40.398813],[-74.939711,40.338006],[-74.868208,40.295206],[-74.842308,40.250508],[-74.771404,40.215144],[-74.722325,40.160727],[-74.741184,40.135165],[-74.815476,40.127694],[-74.859721,40.085311],[-74.935042,40.067836],[-75.062614,39.988156],[-75.131538,39.958283],[-75.129845,39.904635],[-75.146164,39.884104],[-75.228634,39.85856],[-75.330432,39.849013],[-75.415062,39.801919],[-75.45944,39.765811],[-75.51219,39.671767],[-75.558773,39.629987],[-75.553398,39.601766],[-75.51277,39.57829],[-75.533412,39.542044],[-75.527861,39.498139],[-75.55909,39.495806],[-75.560538,39.455645],[-75.321021,39.251379],[-75.191671,39.079],[-75.168462,39.056179],[-75.015123,38.788657]],[[-74.047183,40.690411],[-74.043885,40.690185],[-74.044792,40.68859],[-74.047183,40.690411]],[[-74.040234,40.698833],[-74.040747,40.700167],[-74.038368,40.698687],[-74.040234,40.698833]]]}},{"type":"Feature","id":"WI","properties":{"name":"Wisconsin","abbreviation":"WI","stateFips":"55","geoid":"55"},"geometry":{"type":"Polygon","coordinates":[[[-87.019935,42.493498],[-87.108397,43.12501],[-87.147166,43.379859],[-87.125079,43.670445],[-87.114102,43.734111],[-87.048847,44.0],[-87.013234,44.131905],[-87.00008,44.154821],[-86.847694,44.500339],[-86.855184,44.500339],[-86.686288,44.881002],[-86.49993,45.0808],[-86.2501,45.235735],[-86.754236,45.44361],[-87.101133,45.44423],[-87.17117,45.35254],[-87.315422,45.240657],[-87.405694,45.201969],[-87.442508,45.076434],[-87.661211,45.108279],[-87.683902,45.144135],[-87.735282,45.176565],[-87.687729,45.297492],[-87.647768,45.340563],[-87.658175,45.369476],[-87.693956,45.389893],[-87.754104,45.349442],[-87.888052,45.354697],[-87.849668,45.409518],[-87.861697,45.434473],[-87.812884,45.464329],[-87.793215,45.505028],[-87.831691,45.568036],[-87.797536,45.562124],[-87.780845,45.614599],[-87.824392,45.64771],[-87.781007,45.673934],[-87.812338,45.711303],[-87.879812,45.754843],[-87.963452,45.75822],[-87.994539,45.795637],[-88.05064,45.780999],[-88.094754,45.785755],[-88.132456,45.824156],[-88.070483,45.874329],[-88.101757,45.883192],[-88.095193,45.916108],[-88.197126,45.953213],[-88.245801,45.963021],[-88.291732,45.951161],[-88.380891,45.991813],[-88.417025,45.975178],[-88.454319,45.997656],[-88.497978,45.995794],[-88.506364,46.01761],[-88.59712,46.017133],[-88.616471,45.987732],[-88.658654,45.98929],[-88.678868,46.013595],[-88.739671,46.027423],[-88.782073,46.016185],[-88.851133,46.040444],[-89.091638,46.138447],[-90.120572,46.337039],[-90.118822,46.359531],[-90.163319,46.434764],[-90.229601,46.508416],[-90.316554,46.516896],[-90.33165,46.553084],[-90.393262,46.532433],[-90.418392,46.566099],[-90.000145,47.214969],[-89.957102,47.291103],[-90.65466,47.309822],[-91.000181,47.149766],[-91.500181,46.91332],[-92.020294,46.704041],[-92.089493,46.749237],[-92.14329,46.73464],[-92.146292,46.716032],[-92.189091,46.717541],[-92.181359,46.680241],[-92.212392,46.649941],[-92.270592,46.650741],[-92.292192,46.666042],[-92.294033,46.074377],[-92.335335,46.059422],[-92.350407,46.016368],[-92.410014,46.027251],[-92.442259,46.016177],[-92.472761,45.972952],[-92.525186,45.983862],[-92.551186,45.95224],[-92.639936,45.933541],[-92.706372,45.895445],[-92.765681,45.827252],[-92.784617,45.764199],[-92.869193,45.717568],[-92.88898,45.642475],[-92.883749,45.575483],[-92.823309,45.560934],[-92.773412,45.568235],[-92.726082,45.541112],[-92.726677,45.514462],[-92.646602,45.441635],[-92.650284,45.398769],[-92.704054,45.35366],[-92.698967,45.336374],[-92.762004,45.288213],[-92.753207,45.174766],[-92.739527,45.116515],[-92.802911,45.065403],[-92.761953,45.0221],[-92.769445,44.97215],[-92.750645,44.937299],[-92.773103,44.901367],[-92.765668,44.84101],[-92.808415,44.751604],[-92.732043,44.714345],[-92.621847,44.639018],[-92.622537,44.616054],[-92.568946,44.603372],[-92.539909,44.567456],[-92.5187,44.575228],[-92.436486,44.552884],[-92.347567,44.557149],[-92.317357,44.542512],[-92.298484,44.494621],[-92.221083,44.440386],[-92.053549,44.401375],[-91.959996,44.359797],[-91.928224,44.335473],[-91.920282,44.286496],[-91.896964,44.275671],[-91.875158,44.200575],[-91.817302,44.164235],[-91.710597,44.12048],[-91.646446,44.063337],[-91.582604,44.027381],[-91.440541,44.001518],[-91.284138,43.847065],[-91.244135,43.774667],[-91.268455,43.709824],[-91.268748,43.615348],[-91.236666,43.587656],[-91.24382,43.54913],[-91.217706,43.50055],[-91.232241,43.460018],[-91.19767,43.395334],[-91.21477,43.365874],[-91.107237,43.313645],[-91.05791,43.253968],[-91.119115,43.200366],[-91.175253,43.134665],[-91.174692,43.038713],[-91.14655,42.963345],[-91.143491,42.904698],[-91.100565,42.883078],[-91.078665,42.827678],[-91.06468,42.750914],[-90.952415,42.686778],[-90.720209,42.640758],[-90.661527,42.567999],[-90.642843,42.508481],[-90.157406,42.508325],[-89.66982,42.505044],[-88.77659,42.491913],[-88.656053,42.494844],[-88.0834,42.495637],[-87.803218,42.492566],[-87.019935,42.493498]]]}},{"type":"Feature","id":"OR","properties":{"name":"Oregon","abbreviation":"OR","stateFips":"41","geoid":"41"},"geometry":{"type":"Polygon","coordinates":[[[-116.916071,45.995357],[-117.126148,45.997899],[-117.479751,45.997783],[-118.006598,46.000576],[-118.775825,46.001104],[-118.987258,45.999855],[-119.008651,45.979223],[-119.126322,45.932784],[-119.19552,45.9279],[-119.257072,45.939867],[-119.364498,45.921547],[-119.524519,45.908567],[-119.571602,45.925478],[-119.623628,45.905602],[-119.669974,45.856908],[-119.802705,45.84763],[-119.965772,45.824376],[-120.070236,45.785156],[-120.170603,45.76198],[-120.210774,45.725915],[-120.283431,45.721165],[-120.403651,45.699444],[-120.505743,45.699949],[-120.559287,45.738315],[-120.635051,45.745711],[-120.689535,45.715727],[-120.855415,45.671729],[-120.895822,45.642923],[-120.944018,45.656392],[-121.084863,45.647932],[-121.131833,45.609753],[-121.183684,45.60645],[-121.215768,45.671228],[-121.337712,45.704839],[-121.40174,45.692893],[-121.462795,45.701282],[-121.532934,45.726504],[-121.631323,45.704697],[-121.735073,45.694002],[-121.811184,45.706715],[-121.867021,45.693391],[-121.908134,45.654558],[-122.10175,45.583169],[-122.182864,45.576781],[-122.248993,45.547745],[-122.331502,45.548241],[-122.380302,45.575941],[-122.438674,45.563585],[-122.475059,45.578465],[-122.675001,45.618025],[-122.76381,45.657138],[-122.774511,45.680437],[-122.760108,45.734413],[-122.769532,45.780583],[-122.795605,45.81],[-122.785026,45.867699],[-122.8115,45.912724],[-122.813999,45.960983],[-122.878091,46.03128],[-122.904119,46.083734],[-122.962681,46.104817],[-123.004233,46.133823],[-123.115904,46.185268],[-123.166416,46.188979],[-123.280166,46.144843],[-123.371433,46.146372],[-123.430987,46.181571],[-123.427629,46.229348],[-123.479644,46.269131],[-123.688115,46.250105],[-123.741449,46.269155],[-123.871869,46.234949],[-123.930477,46.238805],[-124.035599,46.296843],[-124.035951,46.264183],[-124.159546,46.261132],[-124.123418,46.202729],[-124.067313,46.183849],[-124.009796,46.081973],[-124.008125,46.00994],[-124.070819,45.973939],[-124.092434,45.934261],[-124.045819,45.890596],[-124.037704,45.841614],[-124.070395,45.76274],[-124.060016,45.739541],[-124.010805,45.708285],[-124.016648,45.632119],[-124.03623,45.563032],[-124.02666,45.537877],[-124.053115,45.514225],[-124.064549,45.467567],[-124.035819,45.422051],[-124.043308,45.384061],[-124.076977,45.341846],[-124.040257,45.268828],[-124.059487,45.206655],[-124.050131,45.140688],[-124.081425,45.085457],[-124.097475,45.027358],[-124.086205,45.002864],[-124.116574,44.866335],[-124.136209,44.849241],[-124.147638,44.769113],[-124.139118,44.710536],[-124.152005,44.663203],[-124.13744,44.641002],[-124.151221,44.602911],[-124.134313,44.583182],[-124.162619,44.512912],[-124.153428,44.465036],[-124.16352,44.374841],[-124.187649,44.288559],[-124.195377,44.097462],[-124.239694,43.811055],[-124.296769,43.585958],[-124.343836,43.465012],[-124.380274,43.402846],[-124.425643,43.385886],[-124.476948,43.329371],[-124.465235,43.200308],[-124.505969,43.143379],[-124.516361,43.102542],[-124.505331,43.067953],[-124.530606,42.99983],[-124.572353,42.922514],[-124.645154,42.861892],[-124.700283,42.784028],[-124.682414,42.730185],[-124.64213,42.716113],[-124.584689,42.719302],[-124.544129,42.683817],[-124.54059,42.644492],[-124.473554,42.614734],[-124.465351,42.553033],[-124.567221,42.477791],[-124.565352,42.443565],[-124.532572,42.408396],[-124.494154,42.396086],[-124.490334,42.290646],[-124.471356,42.203723],[-124.433514,42.164832],[-124.409314,42.064077],[-124.328835,41.998334],[-123.657212,41.995094],[-123.624022,41.99977],[-123.347451,41.999277],[-123.145735,42.008761],[-123.043997,42.003084],[-122.721386,42.004123],[-122.378049,42.009503],[-121.344911,41.996214],[-121.188565,41.997384],[-121.019095,41.993386],[-120.326387,41.992586],[-119.999234,41.994944],[-119.948657,41.996736],[-118.676499,41.992154],[-118.223189,41.997249],[-117.0262,42.000195],[-117.026634,43.80811],[-117.019337,43.859418],[-116.982347,43.86884],[-116.980544,43.91483],[-116.961535,43.918388],[-116.960478,43.963413],[-116.934499,44.021218],[-116.973185,44.049425],[-116.975956,44.0829],[-116.933701,44.100043],[-116.895931,44.154295],[-116.903607,44.179985],[-116.967259,44.194581],[-116.975382,44.242392],[-117.031862,44.248635],[-117.046148,44.230669],[-117.104207,44.279942],[-117.170341,44.258889],[-117.22274,44.298326],[-117.189842,44.335007],[-117.242675,44.396548],[-117.215072,44.427162],[-117.224104,44.483734],[-117.144161,44.545647],[-117.095868,44.664737],[-117.044217,44.74514],[-116.9347,44.783881],[-116.932199,44.802781],[-116.865338,44.870603],[-116.83199,44.933007],[-116.857549,44.982567],[-116.847944,45.022602],[-116.797329,45.060267],[-116.774847,45.105536],[-116.728757,45.144381],[-116.703697,45.240099],[-116.67473,45.275844],[-116.674648,45.315082],[-116.588195,45.44292],[-116.55483,45.46293],[-116.556029,45.507019],[-116.524172,45.548565],[-116.481943,45.577898],[-116.463504,45.615785],[-116.535117,45.691277],[-116.535698,45.734231],[-116.59421,45.77908],[-116.665268,45.782059],[-116.697192,45.820135],[-116.763402,45.81658],[-116.796459,45.861224],[-116.866544,45.916958],[-116.87598,45.954775],[-116.916071,45.995357]]]}},{"type":"Feature","id":"NE","properties":{"name":"Nebraska","abbreviation":"NE","stateFips":"31","geoid":"31"},"geometry":{"type":"Polygon","coordinates":[[[-95.765645,40.585208],[-95.751271,40.609057],[-95.789485,40.659388],[-95.842801,40.677496],[-95.883178,40.717579],[-95.881529,40.750611],[-95.836903,40.776477],[-95.847785,40.864328],[-95.812083,40.884239],[-95.836438,40.921642],[-95.832055,40.98114],[-95.863492,40.99734],[-95.860862,41.038547],[-95.882225,41.063539],[-95.862427,41.089687],[-95.883307,41.152675],[-95.843443,41.169096],[-95.867624,41.188416],[-95.916119,41.185279],[-95.926117,41.211619],[-95.912581,41.279527],[-95.877481,41.284583],[-95.885554,41.318097],[-95.925185,41.321355],[-95.95713,41.349593],[-95.928774,41.37008],[-95.937694,41.39477],[-95.92451,41.458914],[-96.004047,41.472146],[-96.019543,41.491592],[-95.992777,41.514596],[-96.026657,41.540366],[-96.040613,41.506893],[-96.091908,41.534049],[-96.081188,41.574296],[-96.11364,41.601955],[-96.095534,41.645856],[-96.121048,41.677002],[-96.077712,41.700022],[-96.106185,41.739176],[-96.064897,41.791673],[-96.109746,41.823992],[-96.111252,41.850229],[-96.162067,41.903047],[-96.136613,41.927167],[-96.133203,41.974944],[-96.177204,41.976308],[-96.184711,42.004972],[-96.241372,41.999987],[-96.221901,42.029558],[-96.268063,42.041705],[-96.267486,42.10978],[-96.346688,42.164686],[-96.35987,42.210553],[-96.323723,42.229887],[-96.369969,42.310878],[-96.407998,42.337408],[-96.410307,42.412965],[-96.380705,42.446393],[-96.401962,42.48644],[-96.445483,42.49063],[-96.501319,42.482749],[-96.557776,42.52038],[-96.60347,42.50446],[-96.63803,42.551959],[-96.710998,42.608129],[-96.689079,42.644078],[-96.728027,42.66688],[-96.802177,42.672235],[-96.806213,42.704154],[-96.907922,42.733857],[-96.963531,42.720643],[-96.97912,42.76009],[-97.130257,42.771541],[-97.150763,42.795566],[-97.212659,42.812069],[-97.218046,42.845113],[-97.306677,42.867604],[-97.361784,42.855123],[-97.417066,42.865918],[-97.439114,42.84711],[-97.504847,42.858477],[-97.561928,42.847552],[-97.603762,42.858329],[-97.686477,42.842212],[-97.774381,42.84974],[-97.831393,42.86896],[-97.875531,42.858656],[-97.888647,42.817177],[-97.947189,42.770709],[-98.013072,42.762219],[-98.129223,42.821056],[-98.258276,42.87439],[-98.467356,42.947556],[-98.49855,42.998559],[-99.635934,42.997834],[-100.51558,42.999332],[-100.61395,42.9982],[-101.712026,42.996527],[-101.862762,42.999374],[-103.08428,43.000784],[-104.053028,43.000585],[-104.052245,41.398065],[-104.053249,41.001406],[-103.002088,41.002486],[-102.051717,41.002359],[-102.051744,40.003078],[-99.813433,40.001362],[-98.575218,40.00248],[-97.125311,40.001938],[-95.30829,39.999998],[-95.346573,40.028272],[-95.391527,40.027058],[-95.419999,40.05044],[-95.396549,40.124701],[-95.431351,40.139163],[-95.47792,40.183844],[-95.478694,40.243661],[-95.552473,40.261904],[-95.553292,40.291158],[-95.656612,40.319465],[-95.627648,40.332412],[-95.66144,40.415917],[-95.659734,40.444484],[-95.693133,40.469396],[-95.699969,40.505275],[-95.661681,40.517312],[-95.671776,40.562628],[-95.697202,40.528475],[-95.75711,40.52599],[-95.765645,40.585208]]]}},{"type":"Feature","id":"PA","properties":{"name":"Pennsylvania","abbreviation":"PA","stateFips":"42","geoid":"42"},"geometry":{"type":"Polygon","coordinates":[[[-75.788596,39.722199],[-75.773786,39.7222],[-75.719502,39.790365],[-75.647448,39.826703],[-75.544646,39.83915],[-75.461293,39.823286],[-75.415062,39.801919],[-75.330432,39.849013],[-75.228634,39.85856],[-75.146164,39.884104],[-75.129845,39.904635],[-75.131538,39.958283],[-75.062614,39.988156],[-74.935042,40.067836],[-74.859721,40.085311],[-74.815476,40.127694],[-74.741184,40.135165],[-74.722325,40.160727],[-74.771404,40.215144],[-74.842308,40.250508],[-74.868208,40.295206],[-74.939711,40.338006],[-74.967499,40.398813],[-75.031778,40.404813],[-75.060917,40.421737],[-75.068581,40.542185],[-75.134995,40.575662],[-75.195496,40.578627],[-75.200452,40.649219],[-75.177299,40.677395],[-75.203921,40.691498],[-75.182804,40.73365],[-75.196535,40.751631],[-75.171587,40.777745],[-75.139106,40.773606],[-75.083929,40.824471],[-75.053664,40.87366],[-75.135521,40.976865],[-75.130575,40.991093],[-75.026847,41.039731],[-75.013469,41.065941],[-74.969123,41.086803],[-74.979985,41.110507],[-74.924469,41.13753],[-74.882331,41.180821],[-74.837787,41.278009],[-74.752398,41.346536],[-74.69558,41.357607],[-74.73601,41.39833],[-74.741456,41.431154],[-74.835857,41.431095],[-74.943415,41.483681],[-74.981804,41.479949],[-74.987491,41.508819],[-75.028435,41.564603],[-75.074354,41.605911],[-75.044274,41.617644],[-75.053197,41.752425],[-75.102214,41.786434],[-75.072248,41.814131],[-75.113332,41.841667],[-75.157655,41.848692],[-75.176318,41.872423],[-75.257584,41.861957],[-75.292564,41.953866],[-75.317533,41.953578],[-75.359645,41.999554],[-75.764683,41.997856],[-76.442893,41.998759],[-76.749675,42.001689],[-77.103252,41.999833],[-77.511961,42.000077],[-77.829803,41.998288],[-78.122131,42.000358],[-78.622876,41.999975],[-78.857359,41.997705],[-79.05247,41.999387],[-79.761954,41.998841],[-79.762418,42.516072],[-80.080222,42.394162],[-80.519851,42.327132],[-80.518991,40.638801],[-80.519342,39.721403],[-79.476662,39.721078],[-79.045548,39.722883],[-77.929484,39.722327],[-77.502821,39.719886],[-75.788596,39.722199]]]}},{"type":"Feature","id":"WA","properties":{"name":"Washington","abbreviation":"WA","stateFips":"53","geoid":"53"},"geometry":{"type":"Polygon","coordinates":[[[-124.159546,46.261132],[-124.035951,46.264183],[-124.035599,46.296843],[-123.930477,46.238805],[-123.871869,46.234949],[-123.741449,46.269155],[-123.688115,46.250105],[-123.479644,46.269131],[-123.427629,46.229348],[-123.430987,46.181571],[-123.371433,46.146372],[-123.280166,46.144843],[-123.166416,46.188979],[-123.115904,46.185268],[-123.004233,46.133823],[-122.962681,46.104817],[-122.904119,46.083734],[-122.878091,46.03128],[-122.813999,45.960983],[-122.8115,45.912724],[-122.785026,45.867699],[-122.795605,45.81],[-122.769532,45.780583],[-122.760108,45.734413],[-122.774511,45.680437],[-122.76381,45.657138],[-122.675001,45.618025],[-122.475059,45.578465],[-122.438674,45.563585],[-122.380302,45.575941],[-122.331502,45.548241],[-122.248993,45.547745],[-122.182864,45.576781],[-122.10175,45.583169],[-121.908134,45.654558],[-121.867021,45.693391],[-121.811184,45.706715],[-121.735073,45.694002],[-121.631323,45.704697],[-121.532934,45.726504],[-121.462795,45.701282],[-121.40174,45.692893],[-121.337712,45.704839],[-121.215768,45.671228],[-121.183684,45.60645],[-121.131833,45.609753],[-121.084863,45.647932],[-120.944018,45.656392],[-120.895822,45.642923],[-120.855415,45.671729],[-120.689535,45.715727],[-120.635051,45.745711],[-120.559287,45.738315],[-120.505743,45.699949],[-120.403651,45.699444],[-120.283431,45.721165],[-120.210774,45.725915],[-120.170603,45.76198],[-120.070236,45.785156],[-119.965772,45.824376],[-119.802705,45.84763],[-119.669974,45.856908],[-119.623628,45.905602],[-119.571602,45.925478],[-119.524519,45.908567],[-119.364498,45.921547],[-119.257072,45.939867],[-119.19552,45.9279],[-119.126322,45.932784],[-119.008651,45.979223],[-118.987258,45.999855],[-118.775825,46.001104],[-118.006598,46.000576],[-117.479751,45.997783],[-117.126148,45.997899],[-116.916071,45.995357],[-116.942793,46.061115],[-116.982465,46.091935],[-116.959694,46.099013],[-116.92135,46.164514],[-116.966306,46.209195],[-116.957742,46.239197],[-116.984804,46.293088],[-117.056647,46.345811],[-117.039766,46.425887],[-117.039799,47.45434],[-117.04212,48.031146],[-117.035086,48.38521],[-117.032345,48.999201],[-117.637488,49.000736],[-118.173218,49.000067],[-121.094951,49.000219],[-121.334846,49.000916],[-121.759572,48.997299],[-122.09805,49.002418],[-123.32224,49.002072],[-123.008485,48.831219],[-123.008486,48.767099],[-123.267877,48.693993],[-123.218929,48.548708],[-123.159874,48.453507],[-123.115138,48.42283],[-123.248435,48.284016],[-123.541216,48.224553],[-123.679064,48.239997],[-124.012056,48.296671],[-124.74974,48.499783],[-124.772085,48.486117],[-124.746194,48.445448],[-124.807732,48.417554],[-124.816993,48.385475],[-124.761387,48.295688],[-124.786406,48.272291],[-124.780504,48.22858],[-124.827681,48.21383],[-124.848537,48.174005],[-124.785187,48.087115],[-124.801155,48.037809],[-124.791162,47.961705],[-124.758185,47.943978],[-124.753795,47.910523],[-124.697066,47.848529],[-124.641839,47.819424],[-124.540302,47.716445],[-124.567282,47.673286],[-124.547847,47.638458],[-124.509965,47.622742],[-124.461402,47.62496],[-124.440016,47.569039],[-124.406542,47.428021],[-124.421728,47.393293],[-124.391354,47.329766],[-124.359644,47.309336],[-124.351299,47.27639],[-124.306367,47.248083],[-124.251291,47.096581],[-124.241539,46.999808],[-124.249705,46.956288],[-124.234393,46.891188],[-124.209469,46.874813],[-124.175131,46.793732],[-124.167959,46.728718],[-124.14526,46.670474],[-124.129957,46.426959],[-124.135207,46.349368],[-124.159546,46.261132]]]}},{"type":"Feature","id":"LA","properties":{"name":"Louisiana","abbreviation":"LA","stateFips":"22","geoid":"22"},"geometry":{"type":"Polygon","coordinates":[[[-91.166095,33.004291],[-91.512107,33.006794],[-92.044963,33.007751],[-93.000017,33.017617],[-94.043015,33.019262],[-94.04272,31.999271],[-93.970826,31.919968],[-93.929903,31.912719],[-93.874836,31.822314],[-93.822598,31.773559],[-93.836884,31.750171],[-93.794548,31.702076],[-93.821722,31.673959],[-93.818717,31.614556],[-93.839416,31.5992],[-93.818582,31.554826],[-93.785028,31.525962],[-93.747231,31.530618],[-93.71249,31.513361],[-93.749476,31.46869],[-93.692631,31.437192],[-93.704879,31.410881],[-93.674117,31.397681],[-93.668439,31.353012],[-93.687511,31.310813],[-93.639694,31.269163],[-93.589119,31.165889],[-93.53428,31.185425],[-93.5487,31.155839],[-93.539366,31.115207],[-93.563182,31.096988],[-93.527645,31.07451],[-93.508292,31.032352],[-93.565631,31.013156],[-93.574332,30.973708],[-93.531758,30.958217],[-93.532008,30.923754],[-93.57408,30.884529],[-93.553626,30.83514],[-93.582229,30.803117],[-93.592101,30.763675],[-93.614346,30.760195],[-93.631345,30.677872],[-93.6831,30.640763],[-93.678662,30.594097],[-93.713782,30.587584],[-93.740253,30.539569],[-93.714322,30.518562],[-93.698135,30.43888],[-93.757409,30.390813],[-93.765851,30.333105],[-93.742026,30.300948],[-93.704584,30.289949],[-93.714192,30.208659],[-93.697737,30.152946],[-93.70426,30.110657],[-93.732768,30.082863],[-93.713772,30.065687],[-93.739734,30.023987],[-93.790087,29.986564],[-93.830374,29.894358],[-93.859896,29.859921],[-93.922744,29.818808],[-93.928808,29.79708],[-93.89847,29.771577],[-93.837412,29.689885],[-93.814351,29.596576],[-93.779317,29.611689],[-93.770147,29.670825],[-93.722673,29.687867],[-93.487754,29.717811],[-93.387246,29.713771],[-93.349444,29.695406],[-93.287354,29.724331],[-93.223168,29.726396],[-93.12515,29.706209],[-92.977,29.659582],[-92.750712,29.564883],[-92.632538,29.529718],[-92.405016,29.500289],[-92.29367,29.481496],[-92.223462,29.494713],[-92.146666,29.532037],[-92.07805,29.531489],[-92.02985,29.475961],[-91.913207,29.420207],[-91.897652,29.375219],[-91.840934,29.36019],[-91.77749,29.396084],[-91.723408,29.363418],[-91.644044,29.375555],[-91.52974,29.344455],[-91.421128,29.302828],[-91.318698,29.208357],[-91.207845,29.171159],[-91.149359,29.165084],[-91.118387,29.14277],[-90.960372,29.111064],[-91.000899,29.100481],[-91.023031,29.067398],[-91.008759,29.026902],[-90.970287,29.005027],[-90.90708,28.991132],[-90.822648,28.985911],[-90.720765,28.99263],[-90.552547,29.036806],[-90.479847,29.008612],[-90.40938,28.99534],[-90.344319,29.003178],[-90.151252,29.056345],[-90.032325,29.135044],[-89.610427,29.198635],[-89.553649,29.185976],[-89.502319,29.158376],[-89.463424,29.08282],[-89.465736,28.974437],[-89.491844,28.919406],[-89.48764,28.887371],[-89.425697,28.855127],[-89.384727,28.871503],[-89.279604,28.977783],[-89.234903,28.987152],[-89.196536,28.939964],[-89.133284,28.919728],[-89.096055,28.942493],[-89.045638,29.006942],[-89.012688,29.02768],[-88.996902,29.085304],[-88.927809,29.117275],[-88.909151,29.200161],[-88.942054,29.253742],[-89.069426,29.294297],[-89.137612,29.381429],[-89.142073,29.429465],[-89.119451,29.458065],[-89.038874,29.492229],[-88.960204,29.577104],[-88.912657,29.61178],[-88.82343,29.714992],[-88.767255,29.840771],[-88.758388,29.918271],[-88.783666,30.026685],[-88.834347,30.090708],[-88.854913,30.135532],[-88.88903,30.139845],[-89.096476,30.165829],[-89.183669,30.212155],[-89.260977,30.181998],[-89.416711,30.177639],[-89.494973,30.16075],[-89.538635,30.19589],[-89.571907,30.180721],[-89.616828,30.225772],[-89.639816,30.30731],[-89.630065,30.339685],[-89.661003,30.363994],[-89.684173,30.408685],[-89.683631,30.451787],[-89.767486,30.513036],[-89.822502,30.604913],[-89.820068,30.632808],[-89.850387,30.660575],[-89.842525,30.719942],[-89.816976,30.73758],[-89.835234,30.769316],[-89.782256,30.831261],[-89.773553,30.896862],[-89.745161,30.922416],[-89.755948,30.944119],[-89.727086,30.969707],[-89.752642,31.001853],[-90.7335,30.999218],[-91.636942,30.999416],[-91.564397,31.038965],[-91.56415,31.06683],[-91.625199,31.115963],[-91.589046,31.178586],[-91.595029,31.201969],[-91.644356,31.234414],[-91.641253,31.266917],[-91.558684,31.262176],[-91.518578,31.275283],[-91.510049,31.316822],[-91.548213,31.346084],[-91.546384,31.382763],[-91.568953,31.377629],[-91.565179,31.423447],[-91.537137,31.424161],[-91.532336,31.390275],[-91.504756,31.36498],[-91.472542,31.371069],[-91.472067,31.397076],[-91.513366,31.444396],[-91.511013,31.532607],[-91.443916,31.542466],[-91.407915,31.569366],[-91.422716,31.597065],[-91.486518,31.586566],[-91.517233,31.61346],[-91.497665,31.645371],[-91.463817,31.620365],[-91.400815,31.620465],[-91.397115,31.711364],[-91.369375,31.746903],[-91.279789,31.744751],[-91.28742,31.771964],[-91.365614,31.760763],[-91.338414,31.851261],[-91.294713,31.86046],[-91.283212,31.815762],[-91.245624,31.833165],[-91.265812,31.86486],[-91.18041,31.918559],[-91.18831,31.960958],[-91.16441,31.982557],[-91.106908,31.989357],[-91.075908,32.016827],[-91.093408,32.036855],[-91.16201,32.061855],[-91.139309,32.081753],[-91.098708,32.048355],[-91.080008,32.079154],[-91.038607,32.098253],[-91.002906,32.162052],[-91.058307,32.180951],[-91.053555,32.124412],[-91.162822,32.132694],[-91.16488,32.195743],[-91.046507,32.241149],[-91.002906,32.22305],[-90.999697,32.191103],[-90.969515,32.252053],[-90.976199,32.29645],[-90.947834,32.283486],[-90.916157,32.303582],[-90.875621,32.373526],[-90.912363,32.339454],[-90.986672,32.35176],[-91.004706,32.367244],[-90.99408,32.403861],[-90.965987,32.420654],[-90.977212,32.446005],[-91.027406,32.433942],[-91.093508,32.457441],[-91.116708,32.500138],[-91.093742,32.549127],[-91.049307,32.498539],[-91.000106,32.48229],[-90.987669,32.498481],[-91.080411,32.556468],[-91.003545,32.612271],[-91.025769,32.646572],[-91.049802,32.607185],[-91.125108,32.585186],[-91.152699,32.640757],[-91.063946,32.702925],[-91.060766,32.727494],[-91.165814,32.757841],[-91.161669,32.812465],[-91.143559,32.844738],[-91.070602,32.888658],[-91.064804,32.926464],[-91.086802,32.976266],[-91.135095,32.980108],[-91.131304,32.926918],[-91.163877,32.899476],[-91.212837,32.922103],[-91.201842,32.961212],[-91.166095,33.004291]]]}},{"type":"Feature","id":"GA","properties":{"name":"Georgia","abbreviation":"GA","stateFips":"13","geoid":"13"},"geometry":{"type":"Polygon","coordinates":[[[-81.347015,30.712444],[-81.367416,30.752514],[-81.400482,30.766426],[-81.350204,30.889109],[-81.345207,30.931503],[-81.317535,30.9485],[-81.304779,30.985712],[-81.344498,31.01811],[-81.345306,31.059362],[-81.297874,31.080952],[-81.292145,31.155415],[-81.234337,31.170258],[-81.187675,31.246258],[-81.186119,31.326796],[-81.172546,31.376831],[-81.190758,31.399876],[-81.143845,31.471521],[-81.087067,31.529158],[-81.069633,31.642405],[-81.049789,31.688633],[-81.056623,31.714875],[-81.025824,31.720227],[-80.970726,31.798353],[-80.938316,31.809008],[-80.855339,31.910809],[-80.789841,31.96439],[-80.78296,31.995954],[-80.815577,32.029918],[-80.850238,32.04142],[-80.925085,32.041939],[-81.004305,32.102367],[-81.038125,32.083734],[-81.117225,32.117604],[-81.129756,32.165839],[-81.118237,32.189203],[-81.15577,32.245793],[-81.119784,32.286368],[-81.141323,32.350085],[-81.173794,32.362682],[-81.208472,32.436183],[-81.188608,32.465308],[-81.233111,32.498069],[-81.23342,32.517963],[-81.279516,32.536226],[-81.289863,32.562084],[-81.355926,32.571606],[-81.41866,32.629392],[-81.393033,32.651542],[-81.427085,32.701039],[-81.405866,32.749144],[-81.43194,32.768911],[-81.42062,32.831223],[-81.479445,32.881082],[-81.502716,32.938688],[-81.491899,33.006694],[-81.510586,33.025805],[-81.603298,33.07509],[-81.704634,33.11645],[-81.762735,33.158848],[-81.767935,33.216347],[-81.807336,33.212646],[-81.852822,33.248542],[-81.833336,33.276145],[-81.881437,33.302843],[-81.946137,33.37094],[-81.944476,33.403674],[-81.910221,33.414571],[-81.934136,33.468337],[-81.985938,33.486536],[-82.046335,33.56383],[-82.10624,33.595637],[-82.133523,33.590535],[-82.196584,33.630583],[-82.200164,33.662012],[-82.23432,33.699836],[-82.247472,33.752591],[-82.300213,33.800627],[-82.408353,33.86632],[-82.422808,33.863757],[-82.494811,33.911712],[-82.524515,33.94336],[-82.556765,33.945324],[-82.593887,34.028109],[-82.645522,34.076069],[-82.675219,34.129779],[-82.717459,34.150546],[-82.740585,34.207268],[-82.746811,34.266588],[-82.782128,34.298278],[-82.794308,34.340126],[-82.833571,34.364092],[-82.8644,34.459785],[-82.901551,34.486764],[-83.034565,34.483571],[-83.086777,34.515766],[-83.172578,34.607798],[-83.243381,34.617997],[-83.253881,34.636696],[-83.3389,34.680039],[-83.352692,34.716904],[-83.326309,34.750839],[-83.32415,34.787479],[-83.28865,34.824673],[-83.270538,34.818871],[-83.24321,34.877064],[-83.206253,34.879677],[-83.158966,34.929138],[-83.141518,34.924515],[-83.098831,34.991955],[-83.108613,35.000659],[-83.620051,34.992032],[-83.61995,34.986669],[-84.321821,34.988408],[-84.952772,34.987943],[-85.466509,34.982971],[-85.605165,34.984678],[-85.561416,34.750079],[-85.47045,34.328239],[-85.184737,32.870514],[-85.154584,32.839805],[-85.167939,32.811611],[-85.122326,32.774383],[-85.112637,32.683434],[-85.088483,32.657758],[-85.067199,32.579306],[-85.001532,32.514741],[-84.99353,32.450743],[-84.96343,32.422544],[-85.002791,32.322428],[-84.9338,32.29826],[-84.888519,32.260869],[-84.929527,32.219251],[-84.973328,32.21765],[-84.961728,32.198551],[-85.009224,32.181646],[-85.06206,32.132486],[-85.045063,32.088063],[-85.048866,32.023007],[-85.08683,31.957758],[-85.07893,31.940159],[-85.113131,31.911859],[-85.140731,31.857461],[-85.11913,31.730964],[-85.12593,31.696265],[-85.057473,31.618624],[-85.05796,31.57084],[-85.041428,31.539293],[-85.071621,31.468384],[-85.066407,31.429501],[-85.092167,31.364576],[-85.090334,31.293606],[-85.110358,31.281747],[-85.096843,31.225239],[-85.100527,31.165994],[-85.037062,31.109753],[-85.011391,31.053547],[-85.002499,31.000685],[-85.004026,30.973468],[-84.942525,30.888488],[-84.925723,30.843789],[-84.936824,30.818489],[-84.911122,30.751191],[-84.864693,30.711542],[-84.374894,30.689793],[-83.877785,30.665726],[-83.499925,30.645674],[-82.495802,30.58649],[-82.214677,30.568556],[-82.240403,30.53777],[-82.20124,30.485114],[-82.210733,30.42564],[-82.171623,30.359918],[-82.105018,30.368817],[-82.066583,30.356004],[-82.037218,30.371848],[-82.0447,30.404127],[-82.016906,30.475111],[-82.006164,30.577278],[-82.050217,30.674538],[-82.02227,30.788136],[-81.977386,30.776842],[-81.964413,30.816684],[-81.892906,30.825513],[-81.881858,30.799961],[-81.792617,30.786777],[-81.718109,30.744806],[-81.651504,30.740677],[-81.606048,30.718676],[-81.484825,30.725113],[-81.464013,30.710983],[-81.347015,30.712444]]]}},{"type":"Feature","id":"AL","properties":{"name":"Alabama","abbreviation":"AL","stateFips":"01","geoid":"01"},"geometry":{"type":"Polygon","coordinates":[[[-85.002499,31.000685],[-85.011391,31.053547],[-85.037062,31.109753],[-85.100527,31.165994],[-85.096843,31.225239],[-85.110358,31.281747],[-85.090334,31.293606],[-85.092167,31.364576],[-85.066407,31.429501],[-85.071621,31.468384],[-85.041428,31.539293],[-85.05796,31.57084],[-85.057473,31.618624],[-85.12593,31.696265],[-85.11913,31.730964],[-85.140731,31.857461],[-85.113131,31.911859],[-85.07893,31.940159],[-85.08683,31.957758],[-85.048866,32.023007],[-85.045063,32.088063],[-85.06206,32.132486],[-85.009224,32.181646],[-84.961728,32.198551],[-84.973328,32.21765],[-84.929527,32.219251],[-84.888519,32.260869],[-84.9338,32.29826],[-85.002791,32.322428],[-84.96343,32.422544],[-84.99353,32.450743],[-85.001532,32.514741],[-85.067199,32.579306],[-85.088483,32.657758],[-85.112637,32.683434],[-85.122326,32.774383],[-85.167939,32.811611],[-85.154584,32.839805],[-85.184737,32.870514],[-85.47045,34.328239],[-85.561416,34.750079],[-85.605165,34.984678],[-85.824023,34.988131],[-86.374317,34.991696],[-86.836306,34.991899],[-87.429968,35.002791],[-88.202959,35.008028],[-88.200064,34.995634],[-88.152413,34.919741],[-88.097888,34.892202],[-88.135204,34.615878],[-88.210741,34.0292],[-88.252254,33.719586],[-88.315235,33.203322],[-88.392176,32.548377],[-88.473227,31.893856],[-88.464908,31.705476],[-88.425432,30.998323],[-88.384431,30.158543],[-88.347719,30.190088],[-88.310302,30.177816],[-88.162022,30.200093],[-88.074869,30.147149],[-88.028037,30.150381],[-88.003618,30.173417],[-87.925756,30.179561],[-87.807153,30.177378],[-87.647824,30.199211],[-87.518346,30.229506],[-87.51838,30.283901],[-87.452378,30.300201],[-87.494879,30.305001],[-87.49998,30.328957],[-87.461078,30.3353],[-87.426377,30.409098],[-87.369383,30.431948],[-87.414677,30.457296],[-87.447702,30.510458],[-87.393294,30.627218],[-87.406356,30.674437],[-87.532557,30.743199],[-87.551311,30.78569],[-87.600792,30.821288],[-87.634788,30.866707],[-87.588862,30.96579],[-87.598829,30.997455],[-87.140755,30.999532],[-86.12154,30.992884],[-85.497992,30.996931],[-85.243632,31.000884],[-85.002499,31.000685]]]}},{"type":"Feature","id":"UT","properties":{"name":"Utah","abbreviation":"UT","stateFips":"49","geoid":"49"},"geometry":{"type":"Polygon","coordinates":[[[-111.046714,42.001702],[-112.153848,41.997226],[-112.173148,42.001515],[-112.700984,42.000169],[-113.237405,41.996089],[-113.901578,41.988552],[-114.041477,41.993873],[-114.039463,41.719178],[-114.042874,40.795071],[-114.046099,40.401848],[-114.050298,38.424306],[-114.049613,37.823541],[-114.052806,37.593913],[-114.050052,37.000191],[-113.064954,37.000043],[-111.308602,37.001476],[-110.490299,37.003628],[-110.469733,36.997657],[-109.045172,36.998977],[-109.045184,37.40623],[-109.041572,37.562138],[-109.042835,38.166268],[-109.060187,38.275528],[-109.059778,38.717597],[-109.054119,38.873532],[-109.051166,39.142603],[-109.050801,40.374967],[-109.04801,40.580977],[-109.050026,41.000691],[-110.099538,40.997047],[-110.505074,40.994804],[-111.046815,40.997875],[-111.045796,41.506066],[-111.046714,42.001702]]]}},{"type":"Feature","id":"OH","properties":{"name":"Ohio","abbreviation":"OH","stateFips":"39","geoid":"39"},"geometry":{"type":"Polygon","coordinates":[[[-80.518991,40.638801],[-80.519851,42.327132],[-80.999825,42.252404],[-81.249833,42.216415],[-81.686447,42.000037],[-81.709202,42.000037],[-82.398348,41.676524],[-82.681119,41.676328],[-83.069312,41.864217],[-83.11246,41.95941],[-83.415851,41.733794],[-84.192317,41.71101],[-84.805972,41.696118],[-84.803888,41.408624],[-84.802226,40.794176],[-84.804159,40.275046],[-84.814187,39.813687],[-84.815754,39.478652],[-84.820155,39.105419],[-84.753401,39.147114],[-84.727462,39.142727],[-84.689354,39.103192],[-84.600807,39.074508],[-84.553887,39.098285],[-84.510338,39.093873],[-84.482146,39.116432],[-84.440685,39.109265],[-84.430561,39.05874],[-84.32662,39.027262],[-84.286536,38.952542],[-84.236567,38.896125],[-84.23022,38.826561],[-84.213115,38.805835],[-84.091623,38.774236],[-84.044576,38.770557],[-83.978095,38.787363],[-83.872415,38.762255],[-83.839204,38.720022],[-83.784463,38.696723],[-83.770178,38.655857],[-83.668893,38.626562],[-83.634901,38.670426],[-83.533677,38.702181],[-83.471413,38.677499],[-83.362775,38.65722],[-83.327566,38.637675],[-83.305912,38.599746],[-83.260739,38.622835],[-83.153644,38.618839],[-83.107646,38.674986],[-83.053042,38.695788],[-83.030775,38.725664],[-82.977371,38.726192],[-82.896482,38.756395],[-82.869884,38.727272],[-82.874969,38.68305],[-82.847393,38.595328],[-82.795871,38.56181],[-82.727905,38.558871],[-82.698285,38.54377],[-82.653595,38.493843],[-82.611942,38.473067],[-82.59348,38.421821],[-82.53769,38.404157],[-82.404882,38.439347],[-82.323999,38.449268],[-82.303663,38.499124],[-82.293471,38.575383],[-82.27147,38.595383],[-82.181167,38.599784],[-82.171966,38.625384],[-82.190867,38.680383],[-82.182867,38.705482],[-82.221566,38.787187],[-82.144167,38.84188],[-82.143267,38.897879],[-82.090165,38.975278],[-82.052063,38.993978],[-82.037749,39.023865],[-82.00599,39.029387],[-81.981159,38.994351],[-81.933186,38.98766],[-81.900595,38.937671],[-81.92667,38.901311],[-81.890899,38.873919],[-81.858921,38.89019],[-81.844486,38.928746],[-81.814235,38.946168],[-81.774105,38.922964],[-81.756131,38.933546],[-81.78182,38.964935],[-81.764253,39.015279],[-81.803355,39.047678],[-81.813854,39.079678],[-81.754154,39.088377],[-81.742153,39.116777],[-81.756282,39.176993],[-81.725622,39.215905],[-81.691339,39.227947],[-81.69662,39.256139],[-81.670187,39.275963],[-81.565247,39.276175],[-81.557547,39.338774],[-81.456143,39.409274],[-81.406689,39.38809],[-81.384556,39.343449],[-81.344927,39.346794],[-81.268421,39.386318],[-81.217315,39.38759],[-81.185145,39.431479],[-81.138134,39.443775],[-81.092434,39.496075],[-81.0239,39.552313],[-80.933292,39.614812],[-80.88036,39.620706],[-80.865805,39.686484],[-80.829723,39.714041],[-80.870322,39.763184],[-80.826079,39.798584],[-80.826964,39.841656],[-80.793131,39.863751],[-80.809565,39.905658],[-80.760018,39.908756],[-80.762987,39.953785],[-80.740139,39.970795],[-80.731024,40.044291],[-80.739229,40.074947],[-80.713213,40.097041],[-80.705246,40.15416],[-80.668083,40.199689],[-80.66154,40.229812],[-80.622508,40.261765],[-80.599895,40.317666],[-80.612325,40.402762],[-80.594664,40.471389],[-80.627507,40.535793],[-80.664372,40.570016],[-80.62645,40.620176],[-80.584002,40.615723],[-80.518991,40.638801]]]}},{"type":"Feature","id":"TX","properties":{"name":"Texas","abbreviation":"TX","stateFips":"48","geoid":"48"},"geometry":{"type":"Polygon","coordinates":[[[-94.485903,33.637858],[-94.564076,33.626265],[-94.549636,33.660676],[-94.59083,33.645563],[-94.626844,33.682035],[-94.639198,33.663737],[-94.667852,33.694607],[-94.736814,33.692332],[-94.757738,33.717817],[-94.874669,33.749164],[-94.953518,33.816475],[-94.968892,33.860913],[-95.049025,33.86409],[-95.060105,33.901873],[-95.082408,33.879882],[-95.129572,33.936718],[-95.216683,33.962652],[-95.250885,33.936063],[-95.261362,33.887722],[-95.280725,33.875491],[-95.329936,33.886334],[-95.363209,33.866812],[-95.438649,33.866287],[-95.459728,33.886652],[-95.505776,33.876391],[-95.511439,33.897296],[-95.551216,33.889713],[-95.557711,33.930351],[-95.597522,33.942342],[-95.627318,33.907806],[-95.688876,33.888486],[-95.756612,33.892028],[-95.770239,33.845202],[-95.815723,33.859815],[-95.830406,33.834785],[-95.92478,33.884843],[-95.942494,33.860965],[-96.048834,33.836468],[-96.101473,33.84671],[-96.149227,33.837091],[-96.169794,33.769154],[-96.220522,33.74739],[-96.290359,33.770831],[-96.318759,33.696753],[-96.359374,33.689432],[-96.370847,33.717996],[-96.430216,33.778654],[-96.500984,33.772801],[-96.532493,33.823028],[-96.573151,33.819182],[-96.629751,33.850863],[-96.58536,33.888948],[-96.673449,33.912278],[-96.690708,33.849959],[-96.713734,33.831328],[-96.769377,33.827478],[-96.779588,33.857939],[-96.832157,33.874835],[-96.850593,33.847211],[-96.88301,33.868019],[-96.905253,33.947219],[-96.924268,33.959159],[-96.973807,33.935697],[-96.996251,33.942664],[-96.983815,33.893186],[-97.041042,33.837619],[-97.069536,33.860365],[-97.090115,33.843961],[-97.048324,33.817269],[-97.092646,33.804198],[-97.095644,33.729222],[-97.154367,33.724094],[-97.192969,33.760784],[-97.194678,33.831192],[-97.166824,33.840395],[-97.185458,33.9007],[-97.212601,33.9159],[-97.245049,33.903216],[-97.255639,33.863702],[-97.33188,33.884483],[-97.37469,33.818552],[-97.426799,33.818641],[-97.463202,33.84309],[-97.451058,33.891676],[-97.500929,33.919538],[-97.55827,33.897099],[-97.589254,33.903922],[-97.588827,33.951882],[-97.661489,33.990818],[-97.687694,33.98718],[-97.732224,33.936681],[-97.763043,33.934145],[-97.833505,33.858096],[-97.878183,33.850534],[-97.984373,33.898024],[-97.957155,33.914454],[-97.971175,33.937129],[-97.946802,33.990893],[-97.974173,34.006716],[-98.041117,33.993456],[-98.084435,34.002893],[-98.083839,34.041719],[-98.120208,34.072127],[-98.089755,34.128211],[-98.123377,34.15454],[-98.16879,34.114262],[-98.232474,34.134641],[-98.300209,34.134579],[-98.364023,34.157109],[-98.398441,34.128456],[-98.418805,34.082655],[-98.486328,34.062598],[-98.560977,34.123922],[-98.577356,34.1491],[-98.648073,34.164441],[-98.690072,34.133155],[-98.766671,34.136834],[-98.831115,34.162154],[-98.860125,34.149913],[-98.951284,34.212189],[-98.991703,34.221427],[-99.043358,34.198242],[-99.095271,34.211842],[-99.121004,34.20185],[-99.189776,34.214357],[-99.210725,34.337337],[-99.275302,34.386136],[-99.28791,34.41403],[-99.320073,34.409267],[-99.37555,34.458789],[-99.395187,34.44203],[-99.398728,34.375832],[-99.433458,34.370223],[-99.517624,34.414494],[-99.579756,34.416928],[-99.600026,34.374688],[-99.694528,34.378218],[-99.753447,34.420853],[-99.923211,34.574552],[-100.000277,34.56045],[-100.000406,36.499702],[-101.375437,36.499343],[-103.002359,36.500551],[-103.041713,36.500439],[-103.040864,35.957273],[-103.042519,35.214327],[-103.043651,34.003639],[-103.064625,32.999899],[-103.06451,32.000424],[-105.245188,32.000207],[-106.082896,32.00265],[-106.618486,32.000495],[-106.612865,31.920372],[-106.640062,31.905273],[-106.63592,31.866233],[-106.605297,31.82772],[-106.54714,31.807299],[-106.52794,31.78389],[-106.489834,31.748528],[-106.450105,31.764013],[-106.382035,31.732703],[-106.303355,31.622173],[-106.280245,31.561543],[-106.245027,31.538721],[-106.219396,31.480958],[-106.077635,31.397983],[-106.005503,31.392669],[-105.954725,31.365243],[-105.932395,31.313093],[-105.869085,31.28871],[-105.769365,31.164853],[-105.648745,31.115863],[-105.585085,31.057293],[-105.556615,30.989209],[-105.4135,30.899333],[-105.395889,30.849295],[-105.36198,30.850543],[-105.289801,30.824691],[-105.257941,30.794708],[-105.215108,30.805934],[-105.161515,30.752204],[-105.118295,30.749726],[-105.062486,30.686532],[-105.007796,30.686221],[-104.98611,30.662767],[-104.971411,30.609846],[-104.929927,30.599202],[-104.887697,30.546727],[-104.86022,30.439913],[-104.859397,30.391125],[-104.816423,30.375187],[-104.811402,30.332702],[-104.761442,30.300816],[-104.760166,30.271666],[-104.706255,30.234812],[-104.687076,30.179342],[-104.696577,30.134871],[-104.685829,30.082063],[-104.695675,30.037664],[-104.67318,29.954556],[-104.683272,29.929107],[-104.657157,29.906032],[-104.622246,29.841882],[-104.565929,29.771468],[-104.544198,29.681271],[-104.507659,29.632278],[-104.398921,29.571897],[-104.338201,29.520182],[-104.262175,29.513501],[-104.208923,29.480732],[-104.194639,29.441993],[-104.141158,29.377823],[-104.106874,29.37344],[-104.082256,29.346064],[-104.020218,29.312048],[-103.918887,29.284844],[-103.782798,29.264046],[-103.782029,29.227264],[-103.743259,29.22215],[-103.718561,29.180826],[-103.556868,29.155502],[-103.44993,29.072714],[-103.431317,29.043053],[-103.386505,29.021648],[-103.34201,29.028436],[-103.250416,28.98043],[-103.227888,28.991857],[-103.153896,28.971606],[-103.11851,28.983715],[-103.080183,29.087437],[-103.033879,29.100972],[-102.997902,29.175119],[-102.952786,29.17394],[-102.867474,29.223883],[-102.906382,29.262055],[-102.877726,29.3548],[-102.839375,29.358922],[-102.825612,29.396946],[-102.830679,29.444775],[-102.808195,29.523115],[-102.77111,29.549031],[-102.768641,29.59468],[-102.740154,29.598174],[-102.73451,29.642143],[-102.693539,29.676957],[-102.691373,29.721372],[-102.572095,29.757474],[-102.547978,29.744644],[-102.514939,29.784299],[-102.434228,29.776946],[-102.387542,29.761305],[-102.364672,29.844445],[-102.320272,29.879301],[-102.181338,29.830827],[-102.116723,29.793038],[-102.049023,29.785672],[-102.035818,29.804063],[-101.984303,29.799262],[-101.981567,29.81502],[-101.924915,29.784031],[-101.849827,29.807279],[-101.81081,29.783627],[-101.782767,29.789321],[-101.712056,29.762777],[-101.662994,29.77106],[-101.646936,29.754565],[-101.575807,29.769319],[-101.541901,29.810781],[-101.539191,29.761774],[-101.455799,29.788049],[-101.448881,29.750699],[-101.410933,29.770152],[-101.415584,29.746534],[-101.375386,29.701807],[-101.363218,29.652638],[-101.314135,29.659054],[-101.300027,29.640702],[-101.311636,29.585127],[-101.290962,29.571537],[-101.262233,29.630607],[-101.24103,29.565028],[-101.261176,29.536776],[-101.173824,29.514568],[-101.151877,29.477005],[-101.060151,29.458661],[-101.003953,29.364703],[-100.950727,29.347711],[-100.886842,29.307848],[-100.878126,29.28086],[-100.794722,29.242285],[-100.766004,29.185847],[-100.775905,29.173344],[-100.6752,29.100741],[-100.645894,28.986421],[-100.651542,28.945577],[-100.600749,28.900076],[-100.570475,28.826036],[-100.546576,28.824923],[-100.533551,28.761078],[-100.507613,28.740599],[-100.500354,28.66196],[-100.445749,28.640626],[-100.447598,28.610066],[-100.398462,28.585169],[-100.411388,28.55196],[-100.386963,28.514023],[-100.33474,28.500261],[-100.368197,28.47891],[-100.336187,28.430181],[-100.341871,28.384953],[-100.288639,28.316976],[-100.293474,28.278474],[-100.257789,28.24034],[-100.223629,28.235223],[-100.211313,28.193899],[-100.15919,28.167647],[-100.086898,28.146783],[-100.053122,28.084731],[-100.018951,28.066441],[-99.989762,27.992876],[-99.931811,27.980968],[-99.937142,27.940537],[-99.90008,27.912142],[-99.901486,27.864162],[-99.881329,27.849551],[-99.872294,27.795258],[-99.801651,27.741771],[-99.77074,27.732134],[-99.721519,27.666155],[-99.691253,27.668732],[-99.638929,27.626758],[-99.594038,27.638573],[-99.578626,27.602286],[-99.554945,27.614456],[-99.511049,27.564507],[-99.528392,27.49855],[-99.479251,27.478635],[-99.495104,27.451518],[-99.487765,27.413399],[-99.504397,27.339896],[-99.538035,27.31709],[-99.495021,27.303937],[-99.496504,27.273389],[-99.441545,27.249915],[-99.426418,27.178287],[-99.439844,27.151581],[-99.430275,27.094872],[-99.451035,27.066765],[-99.446123,27.023048],[-99.415476,27.01724],[-99.377312,26.973819],[-99.388253,26.944217],[-99.321819,26.906846],[-99.3289,26.88022],[-99.268613,26.843213],[-99.242444,26.788262],[-99.240023,26.745851],[-99.208907,26.724761],[-99.200242,26.655824],[-99.178064,26.620547],[-99.166742,26.536079],[-99.128379,26.525501],[-99.091976,26.472376],[-99.110854,26.426282],[-99.082006,26.396667],[-99.037058,26.413603],[-99.01064,26.392135],[-98.974164,26.401148],[-98.936164,26.371533],[-98.929283,26.393361],[-98.895694,26.353491],[-98.820452,26.371002],[-98.788955,26.330433],[-98.749469,26.329988],[-98.738469,26.3037],[-98.677972,26.257945],[-98.675561,26.240395],[-98.585022,26.257523],[-98.502151,26.208931],[-98.461247,26.226242],[-98.38649,26.157656],[-98.344133,26.167084],[-98.322256,26.119245],[-98.249349,26.072142],[-98.192257,26.053186],[-98.17927,26.074148],[-98.143858,26.050181],[-98.078021,26.069843],[-98.03847,26.041642],[-98.030089,26.065848],[-97.964354,26.051859],[-97.877421,26.064928],[-97.861107,26.05328],[-97.801933,26.06037],[-97.778181,26.029328],[-97.707245,26.037839],[-97.582101,25.962428],[-97.583015,25.937715],[-97.547484,25.93523],[-97.520225,25.886002],[-97.455365,25.883992],[-97.442252,25.848013],[-97.373056,25.839831],[-97.358203,25.889728],[-97.375183,25.907748],[-97.347393,25.931218],[-97.276273,25.936148],[-97.208738,25.96395],[-97.089684,25.960839],[-97.097858,26.03862],[-97.089989,26.07534],[-97.108301,26.10451],[-97.126121,26.250351],[-97.156496,26.375348],[-97.214056,26.576766],[-97.251705,26.661866],[-97.300423,26.834613],[-97.323219,27.010256],[-97.319824,27.110023],[-97.296567,27.250323],[-97.250264,27.392308],[-97.199816,27.500319],[-97.125265,27.640597],[-97.021855,27.783364],[-96.984281,27.803783],[-96.959495,27.875302],[-96.844196,28.000296],[-96.746251,28.079622],[-96.618785,28.169522],[-96.531,28.221164],[-96.375252,28.29076],[-96.320762,28.362868],[-96.271767,28.382934],[-96.258191,28.407872],[-96.182242,28.452036],[-96.078331,28.500001],[-95.87524,28.582788],[-95.750238,28.638419],[-95.420071,28.805625],[-95.353471,28.817863],[-95.308121,28.85883],[-95.227228,28.910379],[-95.105447,29.016048],[-95.086398,29.06824],[-95.000202,29.104452],[-94.912124,29.159317],[-94.772686,29.231718],[-94.713311,29.282521],[-94.66622,29.281047],[-94.623898,29.343143],[-94.650311,29.38282],[-94.499452,29.452337],[-94.12518,29.595559],[-94.033565,29.625002],[-93.875006,29.621426],[-93.814351,29.596576],[-93.837412,29.689885],[-93.89847,29.771577],[-93.928808,29.79708],[-93.922744,29.818808],[-93.859896,29.859921],[-93.830374,29.894358],[-93.790087,29.986564],[-93.739734,30.023987],[-93.713772,30.065687],[-93.732768,30.082863],[-93.70426,30.110657],[-93.697737,30.152946],[-93.714192,30.208659],[-93.704584,30.289949],[-93.742026,30.300948],[-93.765851,30.333105],[-93.757409,30.390813],[-93.698135,30.43888],[-93.714322,30.518562],[-93.740253,30.539569],[-93.713782,30.587584],[-93.678662,30.594097],[-93.6831,30.640763],[-93.631345,30.677872],[-93.614346,30.760195],[-93.592101,30.763675],[-93.582229,30.803117],[-93.553626,30.83514],[-93.57408,30.884529],[-93.532008,30.923754],[-93.531758,30.958217],[-93.574332,30.973708],[-93.565631,31.013156],[-93.508292,31.032352],[-93.527645,31.07451],[-93.563182,31.096988],[-93.539366,31.115207],[-93.5487,31.155839],[-93.53428,31.185425],[-93.589119,31.165889],[-93.639694,31.269163],[-93.687511,31.310813],[-93.668439,31.353012],[-93.674117,31.397681],[-93.704879,31.410881],[-93.692631,31.437192],[-93.749476,31.46869],[-93.71249,31.513361],[-93.747231,31.530618],[-93.785028,31.525962],[-93.818582,31.554826],[-93.839416,31.5992],[-93.818717,31.614556],[-93.821722,31.673959],[-93.794548,31.702076],[-93.836884,31.750171],[-93.822598,31.773559],[-93.874836,31.822314],[-93.929903,31.912719],[-93.970826,31.919968],[-94.04272,31.999271],[-94.043015,33.019262],[-94.043313,33.551584],[-94.073043,33.572195],[-94.130831,33.552047],[-94.184411,33.594386],[-94.195447,33.555162],[-94.274241,33.558759],[-94.282741,33.581281],[-94.3093,33.55175],[-94.338498,33.567271],[-94.356519,33.542981],[-94.400594,33.556797],[-94.428034,33.590038],[-94.469058,33.607642],[-94.44678,33.640178],[-94.485903,33.637858]]]}},{"type":"Feature","id":"CO","properties":{"name":"Colorado","abbreviation":"CO","stateFips":"08","geoid":"08"},"geometry":{"type":"Polygon","coordinates":[[[-109.045172,36.998977],[-107.394861,37.000233],[-106.877232,37.0001],[-106.86982,36.992497],[-105.707852,36.995919],[-105.000551,36.993262],[-104.338833,36.993535],[-103.625507,36.998629],[-103.002329,37.00015],[-102.815074,36.999774],[-102.698142,36.995149],[-102.042089,36.993016],[-102.041626,37.696699],[-102.044515,37.984575],[-102.045351,38.856897],[-102.049052,39.373991],[-102.051744,40.003078],[-102.051717,41.002359],[-103.002088,41.002486],[-104.053249,41.001406],[-104.625519,41.001428],[-104.882452,40.998186],[-105.750552,40.996896],[-106.218013,40.997737],[-106.439563,41.001978],[-107.003119,41.003421],[-108.046539,41.002064],[-108.250649,41.000114],[-109.050026,41.000691],[-109.04801,40.580977],[-109.050801,40.374967],[-109.051166,39.142603],[-109.054119,38.873532],[-109.059778,38.717597],[-109.060187,38.275528],[-109.042835,38.166268],[-109.041572,37.562138],[-109.045184,37.40623],[-109.045172,36.998977]]]}},{"type":"Feature","id":"SC","properties":{"name":"South Carolina","abbreviation":"SC","stateFips":"45","geoid":"45"},"geometry":{"type":"Polygon","coordinates":[[[-78.499301,33.812852],[-78.734834,34.016028],[-79.249069,34.449377],[-79.390844,34.573292],[-79.676494,34.805065],[-79.931258,34.806711],[-80.472008,34.816599],[-80.797484,34.819803],[-80.781921,34.935848],[-80.934739,35.107318],[-81.041496,35.044713],[-81.056984,35.086446],[-81.033605,35.105702],[-81.034264,35.149257],[-81.309542,35.162939],[-81.763362,35.18049],[-82.161416,35.193422],[-82.29108,35.200085],[-82.323102,35.185173],[-82.380813,35.187458],[-82.383927,35.210848],[-82.41916,35.199414],[-82.434609,35.16798],[-82.459939,35.178005],[-82.727757,35.094166],[-82.756511,35.06736],[-82.783749,35.085545],[-83.108613,35.000659],[-83.098831,34.991955],[-83.141518,34.924515],[-83.158966,34.929138],[-83.206253,34.879677],[-83.24321,34.877064],[-83.270538,34.818871],[-83.28865,34.824673],[-83.32415,34.787479],[-83.326309,34.750839],[-83.352692,34.716904],[-83.3389,34.680039],[-83.253881,34.636696],[-83.243381,34.617997],[-83.172578,34.607798],[-83.086777,34.515766],[-83.034565,34.483571],[-82.901551,34.486764],[-82.8644,34.459785],[-82.833571,34.364092],[-82.794308,34.340126],[-82.782128,34.298278],[-82.746811,34.266588],[-82.740585,34.207268],[-82.717459,34.150546],[-82.675219,34.129779],[-82.645522,34.076069],[-82.593887,34.028109],[-82.556765,33.945324],[-82.524515,33.94336],[-82.494811,33.911712],[-82.422808,33.863757],[-82.408353,33.86632],[-82.300213,33.800627],[-82.247472,33.752591],[-82.23432,33.699836],[-82.200164,33.662012],[-82.196584,33.630583],[-82.133523,33.590535],[-82.10624,33.595637],[-82.046335,33.56383],[-81.985938,33.486536],[-81.934136,33.468337],[-81.910221,33.414571],[-81.944476,33.403674],[-81.946137,33.37094],[-81.881437,33.302843],[-81.833336,33.276145],[-81.852822,33.248542],[-81.807336,33.212646],[-81.767935,33.216347],[-81.762735,33.158848],[-81.704634,33.11645],[-81.603298,33.07509],[-81.510586,33.025805],[-81.491899,33.006694],[-81.502716,32.938688],[-81.479445,32.881082],[-81.42062,32.831223],[-81.43194,32.768911],[-81.405866,32.749144],[-81.427085,32.701039],[-81.393033,32.651542],[-81.41866,32.629392],[-81.355926,32.571606],[-81.289863,32.562084],[-81.279516,32.536226],[-81.23342,32.517963],[-81.233111,32.498069],[-81.188608,32.465308],[-81.208472,32.436183],[-81.173794,32.362682],[-81.141323,32.350085],[-81.119784,32.286368],[-81.15577,32.245793],[-81.118237,32.189203],[-81.129756,32.165839],[-81.117225,32.117604],[-81.038125,32.083734],[-81.004305,32.102367],[-80.925085,32.041939],[-80.850238,32.04142],[-80.815577,32.029918],[-80.78296,31.995954],[-80.752029,32.032558],[-80.748202,32.08449],[-80.66472,32.142607],[-80.584985,32.162589],[-80.523824,32.234592],[-80.392327,32.280317],[-80.374825,32.342453],[-80.294078,32.418521],[-80.263645,32.429579],[-80.243074,32.472449],[-80.198839,32.496241],[-80.121459,32.499192],[-80.088877,32.549029],[-79.979002,32.558074],[-79.918341,32.607264],[-79.855063,32.636389],[-79.798255,32.675632],[-79.760074,32.738257],[-79.691893,32.75924],[-79.637821,32.816377],[-79.534689,32.870012],[-79.495945,32.931572],[-79.440181,32.958916],[-79.371297,32.945717],[-79.322257,32.956078],[-79.273373,33.046559],[-79.215538,33.064248],[-79.140519,33.13962],[-79.091614,33.159056],[-79.077605,33.188653],[-79.120217,33.246932],[-79.093312,33.304952],[-79.087581,33.369287],[-79.034496,33.456834],[-78.993033,33.488992],[-78.956996,33.538722],[-78.887415,33.611975],[-78.772415,33.707967],[-78.691382,33.755288],[-78.635723,33.776679],[-78.499301,33.812852]]]}},{"type":"Feature","id":"OK","properties":{"name":"Oklahoma","abbreviation":"OK","stateFips":"40","geoid":"40"},"geometry":{"type":"Polygon","coordinates":[[[-94.617964,36.998905],[-94.961591,36.999464],[-96.73659,36.999286],[-97.945623,36.998607],[-98.300465,36.997684],[-98.797019,36.999459],[-99.558004,36.999529],[-99.875409,37.001659],[-100.307346,37.001813],[-102.042089,36.993016],[-102.698142,36.995149],[-102.815074,36.999774],[-103.002329,37.00015],[-103.002359,36.500551],[-101.375437,36.499343],[-100.000406,36.499702],[-100.000277,34.56045],[-99.923211,34.574552],[-99.753447,34.420853],[-99.694528,34.378218],[-99.600026,34.374688],[-99.579756,34.416928],[-99.517624,34.414494],[-99.433458,34.370223],[-99.398728,34.375832],[-99.395187,34.44203],[-99.37555,34.458789],[-99.320073,34.409267],[-99.28791,34.41403],[-99.275302,34.386136],[-99.210725,34.337337],[-99.189776,34.214357],[-99.121004,34.20185],[-99.095271,34.211842],[-99.043358,34.198242],[-98.991703,34.221427],[-98.951284,34.212189],[-98.860125,34.149913],[-98.831115,34.162154],[-98.766671,34.136834],[-98.690072,34.133155],[-98.648073,34.164441],[-98.577356,34.1491],[-98.560977,34.123922],[-98.486328,34.062598],[-98.418805,34.082655],[-98.398441,34.128456],[-98.364023,34.157109],[-98.300209,34.134579],[-98.232474,34.134641],[-98.16879,34.114262],[-98.123377,34.15454],[-98.089755,34.128211],[-98.120208,34.072127],[-98.083839,34.041719],[-98.084435,34.002893],[-98.041117,33.993456],[-97.974173,34.006716],[-97.946802,33.990893],[-97.971175,33.937129],[-97.957155,33.914454],[-97.984373,33.898024],[-97.878183,33.850534],[-97.833505,33.858096],[-97.763043,33.934145],[-97.732224,33.936681],[-97.687694,33.98718],[-97.661489,33.990818],[-97.588827,33.951882],[-97.589254,33.903922],[-97.55827,33.897099],[-97.500929,33.919538],[-97.451058,33.891676],[-97.463202,33.84309],[-97.426799,33.818641],[-97.37469,33.818552],[-97.33188,33.884483],[-97.255639,33.863702],[-97.245049,33.903216],[-97.212601,33.9159],[-97.185458,33.9007],[-97.166824,33.840395],[-97.194678,33.831192],[-97.192969,33.760784],[-97.154367,33.724094],[-97.095644,33.729222],[-97.092646,33.804198],[-97.048324,33.817269],[-97.090115,33.843961],[-97.069536,33.860365],[-97.041042,33.837619],[-96.983815,33.893186],[-96.996251,33.942664],[-96.973807,33.935697],[-96.924268,33.959159],[-96.905253,33.947219],[-96.88301,33.868019],[-96.850593,33.847211],[-96.832157,33.874835],[-96.779588,33.857939],[-96.769377,33.827478],[-96.713734,33.831328],[-96.690708,33.849959],[-96.673449,33.912278],[-96.58536,33.888948],[-96.629751,33.850863],[-96.573151,33.819182],[-96.532493,33.823028],[-96.500984,33.772801],[-96.430216,33.778654],[-96.370847,33.717996],[-96.359374,33.689432],[-96.318759,33.696753],[-96.290359,33.770831],[-96.220522,33.74739],[-96.169794,33.769154],[-96.149227,33.837091],[-96.101473,33.84671],[-96.048834,33.836468],[-95.942494,33.860965],[-95.92478,33.884843],[-95.830406,33.834785],[-95.815723,33.859815],[-95.770239,33.845202],[-95.756612,33.892028],[-95.688876,33.888486],[-95.627318,33.907806],[-95.597522,33.942342],[-95.557711,33.930351],[-95.551216,33.889713],[-95.511439,33.897296],[-95.505776,33.876391],[-95.459728,33.886652],[-95.438649,33.866287],[-95.363209,33.866812],[-95.329936,33.886334],[-95.280725,33.875491],[-95.261362,33.887722],[-95.250885,33.936063],[-95.216683,33.962652],[-95.129572,33.936718],[-95.082408,33.879882],[-95.060105,33.901873],[-95.049025,33.86409],[-94.968892,33.860913],[-94.953518,33.816475],[-94.874669,33.749164],[-94.757738,33.717817],[-94.736814,33.692332],[-94.667852,33.694607],[-94.639198,33.663737],[-94.626844,33.682035],[-94.59083,33.645563],[-94.549636,33.660676],[-94.564076,33.626265],[-94.485903,33.637858],[-94.467876,34.287435],[-94.449747,34.873199],[-94.431014,35.393167],[-94.5105,35.862498],[-94.580572,36.265903],[-94.617859,36.499431],[-94.617964,36.998905]]]}},{"type":"Feature","id":"TN","properties":{"name":"Tennessee","abbreviation":"TN","stateFips":"47","geoid":"47"},"geometry":{"type":"Polygon","coordinates":[[[-83.675395,36.600784],[-83.690789,36.582596],[-83.999943,36.589857],[-84.540474,36.596304],[-84.830035,36.604536],[-84.991632,36.617041],[-85.276867,36.626827],[-85.501507,36.614855],[-85.832432,36.6221],[-86.024819,36.630293],[-86.332126,36.648701],[-86.507781,36.652379],[-86.563909,36.633562],[-86.589906,36.652443],[-87.070491,36.64273],[-87.64775,36.638027],[-87.853319,36.63316],[-87.849544,36.663695],[-88.070541,36.678255],[-88.032675,36.536985],[-88.053293,36.497058],[-88.183246,36.49944],[-88.771573,36.502729],[-88.959746,36.502076],[-89.301022,36.507233],[-89.417275,36.499011],[-89.453514,36.461789],[-89.494119,36.476268],[-89.485427,36.497491],[-89.539232,36.497934],[-89.520642,36.478668],[-89.542337,36.420103],[-89.509722,36.373626],[-89.531822,36.339246],[-89.610689,36.340442],[-89.611819,36.309088],[-89.536441,36.272827],[-89.534676,36.252771],[-89.611145,36.239271],[-89.695235,36.252766],[-89.70525,36.236568],[-89.607004,36.171179],[-89.59307,36.129699],[-89.680029,36.082494],[-89.706932,36.000981],[-89.733056,36.000809],[-89.714007,35.959813],[-89.650267,35.927663],[-89.645617,35.885833],[-89.676378,35.876698],[-89.716352,35.907059],[-89.76524,35.893106],[-89.767923,35.860017],[-89.694709,35.834769],[-89.72817,35.802697],[-89.781662,35.805228],[-89.79895,35.759356],[-89.838717,35.742129],[-89.907461,35.759288],[-89.958798,35.725586],[-89.955841,35.690399],[-89.908575,35.651736],[-89.858318,35.668724],[-89.856104,35.635012],[-89.956592,35.590622],[-89.942247,35.557143],[-89.914191,35.549606],[-89.908934,35.51424],[-89.958749,35.523837],[-89.989667,35.560221],[-90.039876,35.547418],[-90.050212,35.516391],[-90.002668,35.429985],[-90.048086,35.411737],[-90.054322,35.389277],[-90.079007,35.476874],[-90.107837,35.476836],[-90.129435,35.442119],[-90.16888,35.421878],[-90.179342,35.385313],[-90.135676,35.376696],[-90.14075,35.409444],[-90.080873,35.386005],[-90.109966,35.304988],[-90.162058,35.298255],[-90.155264,35.258981],[-90.094337,35.24879],[-90.07616,35.221477],[-90.0981,35.169005],[-90.068236,35.15567],[-90.097834,35.118693],[-90.138669,35.131519],[-90.16954,35.119715],[-90.186547,35.045423],[-90.206997,35.025849],[-90.296968,35.038175],[-90.308361,34.995694],[-89.486693,34.993978],[-88.464063,34.996098],[-88.200064,34.995634],[-88.202959,35.008028],[-87.429968,35.002791],[-86.836306,34.991899],[-86.374317,34.991696],[-85.824023,34.988131],[-85.605165,34.984678],[-85.466509,34.982971],[-84.952772,34.987943],[-84.321821,34.988408],[-84.290214,35.225432],[-84.227484,35.267926],[-84.199212,35.243667],[-84.097504,35.247598],[-84.021495,35.301083],[-84.03839,35.350924],[-84.007394,35.371649],[-84.023052,35.411933],[-83.96108,35.464138],[-83.911875,35.476068],[-83.880312,35.518782],[-83.825566,35.524311],[-83.770587,35.561743],[-83.695045,35.57024],[-83.498544,35.562888],[-83.445676,35.611747],[-83.422038,35.611049],[-83.334656,35.665662],[-83.312379,35.654706],[-83.254439,35.695308],[-83.240827,35.726856],[-83.185137,35.730753],[-83.165059,35.759504],[-83.078745,35.789587],[-82.995851,35.773085],[-82.962818,35.795651],[-82.920831,35.868178],[-82.896776,35.878257],[-82.914366,35.915232],[-82.898182,35.94523],[-82.85203,35.949329],[-82.821948,35.92183],[-82.78735,35.952496],[-82.77567,36.001068],[-82.754442,36.00439],[-82.63723,36.06582],[-82.590995,36.031574],[-82.613825,36.004917],[-82.610703,35.967203],[-82.558587,35.95389],[-82.460583,36.007724],[-82.410197,36.082552],[-82.355684,36.115139],[-82.288572,36.135727],[-82.245388,36.131199],[-82.213898,36.159041],[-82.148581,36.149859],[-82.128399,36.104013],[-82.033839,36.120475],[-81.908167,36.301966],[-81.793085,36.362408],[-81.764954,36.338722],[-81.707475,36.335225],[-81.741596,36.412587],[-81.694608,36.473372],[-81.699795,36.536727],[-81.67749,36.588137],[-81.6469,36.611918],[-81.922644,36.616213],[-81.934144,36.594213],[-82.214198,36.595846],[-82.622603,36.593797],[-83.261099,36.593887],[-83.2763,36.598187],[-83.622068,36.597984],[-83.675395,36.600784]]]}},{"type":"Feature","id":"WY","properties":{"name":"Wyoming","abbreviation":"WY","stateFips":"56","geoid":"56"},"geometry":{"type":"Polygon","coordinates":[[[-109.050026,41.000691],[-108.250649,41.000114],[-108.046539,41.002064],[-107.003119,41.003421],[-106.439563,41.001978],[-106.218013,40.997737],[-105.750552,40.996896],[-104.882452,40.998186],[-104.625519,41.001428],[-104.053249,41.001406],[-104.052245,41.398065],[-104.053028,43.000585],[-104.055487,43.853476],[-104.055913,44.874986],[-104.057879,44.997605],[-104.889161,45.000026],[-105.913149,45.000238],[-105.928174,44.993487],[-106.126207,44.993268],[-107.084886,44.9966],[-107.127418,44.999837],[-107.613219,45.000618],[-109.083095,44.999551],[-109.103228,45.005815],[-109.78609,45.001795],[-110.105776,45.003533],[-110.183221,44.996953],[-110.407116,44.999496],[-110.445743,44.993682],[-110.704476,44.992174],[-110.790119,45.000883],[-111.054556,45.000955],[-111.052434,44.478411],[-111.049695,44.353626],[-111.045423,43.622121],[-111.043547,42.719502],[-111.047321,42.392647],[-111.046714,42.001702],[-111.045796,41.506066],[-111.046815,40.997875],[-110.505074,40.994804],[-110.099538,40.997047],[-109.050026,41.000691]]]}},{"type":"Feature","id":"HI","properties":{"name":"Hawaii","abbreviation":"HI","stateFips":"15","geoid":"15"},"geometry":{"type":"MultiPolygon","coordinates":[[[[-164.76481,23.581721],[-164.75,23.536146],[-164.7013,23.517002],[-164.654024,23.535221],[-164.640019,23.576111],[-164.68263,23.622806],[-164.72463,23.62107],[-164.76481,23.581721]]],[[[-161.982524,23.091275],[-161.985445,23.041131],[-161.955171,23.009169],[-161.894219,23.00943],[-161.863342,23.036602],[-161.863002,23.085183],[-161.887575,23.110384],[-161.965449,23.104987],[-161.982524,23.091275]]],[[[-166.380463,23.883978],[-166.384476,23.831992],[-166.356342,23.805945],[-166.313574,23.803736],[-166.315823,23.74012],[-166.28599,23.71812],[-166.226782,23.727444],[-166.205415,23.691601],[-166.232285,23.64158],[-166.194409,23.589531],[-166.151155,23.590464],[-166.116781,23.611254],[-166.132954,23.684703],[-166.105881,23.713536],[-166.10678,23.742522],[-166.148171,23.785479],[-166.169739,23.837422],[-166.170447,23.888452],[-166.204276,23.917214],[-166.25,23.93243],[-166.324743,23.917954],[-166.380463,23.883978]]],[[[-168.050607,25.025868],[-168.058387,24.987885],[-168.037751,24.959715],[-167.983537,24.949265],[-167.953685,24.964386],[-167.952449,25.023538],[-167.98894,25.049049],[-168.050607,25.025868]]],[[[-176.043354,27.795897],[-176.039627,27.758242],[-175.969598,27.693402],[-175.895192,27.699213],[-175.84505,27.728457],[-175.779138,27.725685],[-175.734134,27.738855],[-175.666492,27.875],[-175.670128,27.941601],[-175.734928,28.0],[-175.806733,28.007192],[-175.966335,27.929911],[-175.993754,27.875],[-175.978157,27.847977],[-175.924304,27.81371],[-176.0,27.835344],[-176.043354,27.795897]]],[[[-178.438336,28.444088],[-178.440486,28.405172],[-178.39561,28.341901],[-178.301402,28.328336],[-178.25,28.347151],[-178.233018,28.375],[-178.238469,28.45615],[-178.315121,28.516334],[-178.395769,28.5],[-178.438336,28.444088]]],[[[-174.067374,26.059614],[-174.046093,26.002306],[-174.006404,25.990289],[-173.925968,26.019627],[-173.903358,26.060056],[-173.913424,26.099399],[-173.957916,26.13569],[-174.007114,26.137053],[-174.04962,26.116578],[-174.067374,26.059614]]],[[[-171.809629,25.78135],[-171.797027,25.740539],[-171.737491,25.706533],[-171.68686,25.727879],[-171.667922,25.781217],[-171.676628,25.810907],[-171.710623,25.833211],[-171.76812,25.833681],[-171.809629,25.78135]]],[[[-170.683167,25.518446],[-170.679565,25.48554],[-170.649551,25.459358],[-170.596146,25.465313],[-170.574249,25.51631],[-170.594116,25.54594],[-170.653641,25.551924],[-170.683167,25.518446]]],[[[-160.599767,21.66765],[-160.570728,21.606664],[-160.520366,21.60493],[-160.484924,21.63243],[-160.483196,21.665186],[-160.508791,21.703238],[-160.550309,21.712064],[-160.599767,21.66765]]],[[[-160.302371,21.861491],[-160.298526,21.7905],[-160.265778,21.74618],[-160.218301,21.728797],[-160.17031,21.739551],[-160.122015,21.82496],[-160.059408,21.845594],[-160.031032,21.869364],[-160.027502,21.931214],[-159.997205,21.99251],[-160.056722,22.068345],[-160.100307,22.082497],[-160.140416,22.073322],[-160.174011,21.991479],[-160.279947,21.920638],[-160.302371,21.861491]]],[[[-159.283711,22.018501],[-159.25,22.084146],[-159.245779,22.166808],[-159.308798,22.25],[-159.40292,22.290473],[-159.432755,22.278035],[-159.484043,22.285916],[-159.524654,22.275494],[-159.574883,22.28295],[-159.612952,22.272235],[-159.677252,22.227108],[-159.75,22.199449],[-159.794006,22.134622],[-159.848124,22.076073],[-159.843609,22.0],[-159.793601,21.93978],[-159.711714,21.907557],[-159.631259,21.846688],[-159.5,21.832322],[-159.443999,21.817789],[-159.357779,21.865692],[-159.284354,21.940637],[-159.283711,22.018501]]],[[[-158.34465,21.583177],[-158.298653,21.524718],[-158.301353,21.496818],[-158.240052,21.411531],[-158.217752,21.364532],[-158.183253,21.345935],[-158.164354,21.272335],[-158.110077,21.237071],[-157.974355,21.252039],[-157.898656,21.249939],[-157.859067,21.213135],[-157.810229,21.199238],[-157.745311,21.221671],[-157.675777,21.213801],[-157.607693,21.269134],[-157.597909,21.295134],[-157.60822,21.353054],[-157.652151,21.439107],[-157.640749,21.462695],[-157.660949,21.496789],[-157.712174,21.520814],[-157.750924,21.516458],[-157.798649,21.5852],[-157.844149,21.621804],[-157.881446,21.705183],[-157.941785,21.754579],[-157.997244,21.761591],[-158.050144,21.739881],[-158.148846,21.641999],[-158.311945,21.62178],[-158.34465,21.583177]]],[[[-156.853514,21.222705],[-156.910279,21.229571],[-156.9274,21.256578],[-156.990343,21.273534],[-157.030163,21.24395],[-157.158992,21.257896],[-157.220212,21.278496],[-157.272186,21.276564],[-157.310521,21.244522],[-157.311675,21.204128],[-157.349892,21.157085],[-157.366549,21.100956],[-157.321244,21.050676],[-157.231438,21.043099],[-157.072149,21.057597],[-157.050237,21.042704],[-156.914535,20.997584],[-156.836954,21.0],[-156.78529,21.02454],[-156.672586,21.095717],[-156.650525,21.134277],[-156.659565,21.181907],[-156.722076,21.226062],[-156.794843,21.234161],[-156.853514,21.222705]]],[[[-157.111227,20.93123],[-157.110131,20.869461],[-157.075207,20.827299],[-157.048069,20.820545],[-157.045183,20.770467],[-156.994434,20.693575],[-156.875,20.690965],[-156.795363,20.735251],[-156.75,20.807605],[-156.757459,20.850771],[-156.823329,20.930808],[-156.868474,20.964379],[-156.913323,20.977963],[-157.035268,20.983302],[-157.088835,20.958397],[-157.111227,20.93123]]],[[[-156.45109,20.968758],[-156.490728,21.035435],[-156.591031,21.092411],[-156.670424,21.076693],[-156.735017,21.005729],[-156.751941,20.913681],[-156.721737,20.842436],[-156.625,20.75],[-156.54682,20.732486],[-156.51187,20.735386],[-156.495728,20.69158],[-156.549625,20.65803],[-156.597734,20.657879],[-156.704442,20.604591],[-156.754144,20.5443],[-156.75,20.454335],[-156.533456,20.46298],[-156.489367,20.5],[-156.48451,20.579083],[-156.420495,20.536609],[-156.290472,20.536895],[-156.195608,20.577151],[-156.13527,20.569843],[-156.073271,20.598409],[-156.029948,20.604071],[-155.961458,20.660452],[-155.928101,20.724792],[-155.926785,20.781735],[-155.958991,20.875],[-156.0,20.875],[-156.0,20.852123],[-156.081694,20.880728],[-156.195296,20.971502],[-156.274302,21.004236],[-156.339218,21.004195],[-156.404908,20.974181],[-156.45109,20.968758]]],[[[-154.977849,19.781404],[-155.033315,19.793421],[-155.03162,19.875],[-155.086049,19.941743],[-155.14033,19.989481],[-155.252399,20.063448],[-155.438177,20.148815],[-155.54075,20.180249],[-155.578768,20.180147],[-155.688845,20.244776],[-155.751464,20.29447],[-155.836783,20.321226],[-155.906873,20.306067],[-155.957667,20.234972],[-155.957719,20.167614],[-155.932275,20.083445],[-155.884311,20.018327],[-155.938883,19.961518],[-155.962427,19.909152],[-156.012391,19.889753],[-156.079517,19.831131],[-156.10724,19.790402],[-156.119075,19.719301],[-156.075293,19.620962],[-156.035895,19.597961],[-156.012864,19.5],[-155.978105,19.445809],[-155.943213,19.344227],[-155.946461,19.290445],[-155.973882,19.14257],[-155.972538,19.101382],[-155.925931,19.008154],[-155.875,18.97643],[-155.828233,18.966542],[-155.739971,18.916891],[-155.694257,18.866786],[-155.630753,18.879687],[-155.5656,18.934517],[-155.518785,19.008071],[-155.494878,19.071586],[-155.428934,19.107215],[-155.391434,19.14436],[-155.342151,19.161315],[-155.258015,19.222171],[-155.182098,19.209954],[-155.10551,19.23427],[-155.049153,19.267251],[-154.939663,19.312834],[-154.889028,19.360392],[-154.810311,19.416057],[-154.775751,19.457113],[-154.759333,19.536462],[-154.822221,19.59331],[-154.875,19.616167],[-154.928935,19.673605],[-154.928109,19.704534],[-154.977849,19.781404]]]]}},{"type":"Feature","id":"ND","properties":{"name":"North Dakota","abbreviation":"ND","stateFips":"38","geoid":"38"},"geometry":{"type":"Polygon","coordinates":[[[-97.228961,49.000454],[-98.913263,49.000058],[-99.77907,48.999174],[-100.972148,48.999573],[-101.9808,48.998879],[-104.048692,48.999899],[-104.047549,48.498789],[-104.044044,47.996082],[-104.041443,47.863054],[-104.044853,47.406722],[-104.045977,46.87453],[-104.045547,45.945308],[-102.642202,45.945211],[-100.721831,45.944021],[-99.760635,45.940811],[-99.047262,45.939919],[-98.414318,45.936493],[-97.482542,45.935091],[-97.430883,45.935994],[-96.563672,45.935245],[-96.577875,46.027034],[-96.554436,46.084186],[-96.592682,46.175211],[-96.59966,46.330481],[-96.667422,46.376117],[-96.739578,46.48717],[-96.749132,46.583674],[-96.796041,46.631209],[-96.780834,46.745963],[-96.802609,46.812108],[-96.773826,46.903631],[-96.753257,46.924563],[-96.791074,46.927315],[-96.839515,47.007162],[-96.817708,47.052309],[-96.816823,47.10912],[-96.840564,47.150803],[-96.8191,47.165207],[-96.836863,47.196095],[-96.84626,47.260819],[-96.830618,47.338014],[-96.86083,47.417516],[-96.863115,47.457868],[-96.844093,47.516873],[-96.869047,47.528906],[-96.849908,47.590754],[-96.878982,47.618812],[-96.885419,47.663884],[-96.919691,47.710095],[-96.934883,47.767209],[-96.955858,47.774815],[-97.0229,47.873702],[-97.018107,47.920228],[-97.055597,47.949129],[-97.053553,47.991612],[-97.071288,48.045797],[-97.146531,48.144055],[-97.122884,48.216494],[-97.148345,48.223742],[-97.11657,48.279661],[-97.135546,48.287059],[-97.120301,48.327098],[-97.16329,48.391987],[-97.131479,48.406586],[-97.149236,48.443358],[-97.1315,48.489006],[-97.154034,48.521669],[-97.141799,48.551262],[-97.171971,48.56495],[-97.120142,48.62168],[-97.091896,48.685982],[-97.137589,48.727569],[-97.156858,48.789941],[-97.190278,48.815857],[-97.178677,48.876668],[-97.219476,48.92112],[-97.238218,48.966073],[-97.228961,49.000454]]]}},{"type":"Feature","id":"KY","properties":{"name":"Kentucky","abbreviation":"KY","stateFips":"21","geoid":"21"},"geometry":{"type":"MultiPolygon","coordinates":[[[[-89.539232,36.497934],[-89.485427,36.497491],[-89.466646,36.527041],[-89.47993,36.569087],[-89.530638,36.58171],[-89.570726,36.557656],[-89.539232,36.497934]]],[[[-83.675395,36.600784],[-83.648086,36.622839],[-83.577607,36.64139],[-83.532404,36.664689],[-83.418682,36.668729],[-83.347635,36.700199],[-83.194252,36.739519],[-83.13512,36.742629],[-83.133231,36.784585],[-83.072836,36.854457],[-82.969243,36.858019],[-82.87908,36.889255],[-82.857644,36.92885],[-82.870982,36.968483],[-82.822253,37.004158],[-82.782863,37.007821],[-82.722433,37.044949],[-82.726688,37.114794],[-82.550087,37.204602],[-82.486509,37.231203],[-82.348726,37.268232],[-82.316234,37.294654],[-81.968012,37.538035],[-82.064835,37.537196],[-82.075651,37.555915],[-82.134111,37.553627],[-82.132284,37.593327],[-82.16435,37.619257],[-82.214499,37.6254],[-82.240894,37.661531],[-82.304068,37.678307],[-82.296214,37.700695],[-82.334174,37.742771],[-82.333605,37.76715],[-82.420592,37.847855],[-82.420484,37.885446],[-82.502198,37.933052],[-82.47183,37.960291],[-82.488655,37.998912],[-82.518956,38.002153],[-82.54924,38.067952],[-82.585342,38.106634],[-82.636989,38.138718],[-82.644443,38.166561],[-82.611601,38.171339],[-82.598295,38.217361],[-82.612389,38.234329],[-82.574518,38.264505],[-82.571923,38.313347],[-82.598121,38.345933],[-82.59348,38.421821],[-82.611942,38.473067],[-82.653595,38.493843],[-82.698285,38.54377],[-82.727905,38.558871],[-82.795871,38.56181],[-82.847393,38.595328],[-82.874969,38.68305],[-82.869884,38.727272],[-82.896482,38.756395],[-82.977371,38.726192],[-83.030775,38.725664],[-83.053042,38.695788],[-83.107646,38.674986],[-83.153644,38.618839],[-83.260739,38.622835],[-83.305912,38.599746],[-83.327566,38.637675],[-83.362775,38.65722],[-83.471413,38.677499],[-83.533677,38.702181],[-83.634901,38.670426],[-83.668893,38.626562],[-83.770178,38.655857],[-83.784463,38.696723],[-83.839204,38.720022],[-83.872415,38.762255],[-83.978095,38.787363],[-84.044576,38.770557],[-84.091623,38.774236],[-84.213115,38.805835],[-84.23022,38.826561],[-84.236567,38.896125],[-84.286536,38.952542],[-84.32662,39.027262],[-84.430561,39.05874],[-84.440685,39.109265],[-84.482146,39.116432],[-84.510338,39.093873],[-84.553887,39.098285],[-84.600807,39.074508],[-84.689354,39.103192],[-84.727462,39.142727],[-84.753401,39.147114],[-84.820155,39.105419],[-84.897314,39.057482],[-84.838579,38.989902],[-84.833604,38.959535],[-84.877934,38.920149],[-84.861874,38.897752],[-84.786613,38.882416],[-84.830045,38.83014],[-84.811599,38.79196],[-84.887742,38.794793],[-84.93402,38.777281],[-84.991924,38.778284],[-85.17339,38.687996],[-85.213053,38.695453],[-85.246455,38.731746],[-85.301987,38.741961],[-85.371099,38.730366],[-85.408365,38.737144],[-85.450329,38.711667],[-85.435901,38.598874],[-85.415555,38.544969],[-85.467191,38.510023],[-85.498094,38.468802],[-85.585518,38.450246],[-85.618751,38.425733],[-85.655517,38.323722],[-85.737997,38.269098],[-85.786904,38.288533],[-85.829065,38.276554],[-85.839097,38.239822],[-85.903584,38.173928],[-85.905052,38.089957],[-85.923428,38.025247],[-85.942699,38.006816],[-86.032249,37.99036],[-86.051105,37.961255],[-86.077227,37.998637],[-86.123507,38.016157],[-86.17893,38.01081],[-86.267805,38.057148],[-86.270256,38.13225],[-86.295085,38.163754],[-86.348553,38.195685],[-86.376511,38.169397],[-86.325874,38.154029],[-86.33615,38.128343],[-86.375083,38.130638],[-86.401879,38.104329],[-86.432738,38.126429],[-86.46468,38.117375],[-86.433923,38.065705],[-86.525138,38.028734],[-86.524937,37.966495],[-86.510246,37.92666],[-86.586481,37.922267],[-86.597857,37.867728],[-86.638279,37.84269],[-86.662481,37.857084],[-86.650426,37.910861],[-86.733403,37.895373],[-86.795045,37.989279],[-86.860914,37.984368],[-86.920658,37.936214],[-87.012373,37.918708],[-87.046386,37.88984],[-87.069675,37.801513],[-87.128813,37.785581],[-87.161096,37.839359],[-87.220466,37.849065],[-87.386179,37.937804],[-87.449131,37.941854],[-87.50972,37.906028],[-87.556045,37.928168],[-87.575046,37.965909],[-87.601391,37.971306],[-87.624597,37.930278],[-87.587141,37.884858],[-87.615345,37.831882],[-87.670344,37.827962],[-87.681684,37.856273],[-87.66684,37.895763],[-87.759239,37.891662],[-87.794177,37.875356],[-87.838425,37.879907],[-87.87513,37.922865],[-87.908586,37.921691],[-87.94006,37.887599],[-87.909967,37.843028],[-87.906939,37.807593],[-87.959065,37.772803],[-88.02802,37.799197],[-88.069638,37.733716],[-88.120233,37.711227],[-88.159986,37.659715],[-88.134281,37.574636],[-88.069011,37.525399],[-88.080892,37.473911],[-88.281631,37.452729],[-88.36439,37.401754],[-88.409229,37.425315],[-88.474645,37.390783],[-88.484683,37.345234],[-88.515903,37.284091],[-88.448038,37.203642],[-88.424756,37.150732],[-88.458517,37.076098],[-88.528983,37.066826],[-88.572863,37.079656],[-88.616911,37.116004],[-88.732499,37.143945],[-88.79988,37.186471],[-88.91618,37.223991],[-88.972886,37.229868],[-89.029866,37.211065],[-89.087143,37.16493],[-89.1095,37.123093],[-89.167355,37.075041],[-89.182467,37.039164],[-89.170173,37.007067],[-89.132915,36.982057],[-89.098968,36.956067],[-89.138109,36.847323],[-89.170443,36.84184],[-89.178223,36.808614],[-89.116983,36.775595],[-89.125967,36.751809],[-89.169785,36.759641],[-89.200647,36.718751],[-89.159118,36.666354],[-89.197753,36.628971],[-89.227046,36.569537],[-89.256538,36.564961],[-89.332034,36.632881],[-89.365797,36.625126],[-89.417275,36.499011],[-89.301022,36.507233],[-88.959746,36.502076],[-88.771573,36.502729],[-88.183246,36.49944],[-88.053293,36.497058],[-88.032675,36.536985],[-88.070541,36.678255],[-87.849544,36.663695],[-87.853319,36.63316],[-87.64775,36.638027],[-87.070491,36.64273],[-86.589906,36.652443],[-86.563909,36.633562],[-86.507781,36.652379],[-86.332126,36.648701],[-86.024819,36.630293],[-85.832432,36.6221],[-85.501507,36.614855],[-85.276867,36.626827],[-84.991632,36.617041],[-84.830035,36.604536],[-84.540474,36.596304],[-83.999943,36.589857],[-83.690789,36.582596],[-83.675395,36.600784]]]]}},{"type":"Feature","id":"ME","properties":{"name":"Maine","abbreviation":"ME","stateFips":"23","geoid":"23"},"geometry":{"type":"Polygon","coordinates":[[[-71.083928,45.305484],[-71.033524,44.697637],[-71.009961,44.284686],[-70.98904,43.790138],[-70.972743,43.57031],[-70.953944,43.522273],[-70.96159,43.443272],[-70.986676,43.406491],[-70.973461,43.349889],[-70.932826,43.337224],[-70.89707,43.285663],[-70.817826,43.238156],[-70.828057,43.186529],[-70.824577,43.125069],[-70.737969,43.073728],[-70.70631,43.075339],[-70.701197,43.04524],[-70.611152,42.97899],[-70.575094,42.917126],[-70.537146,42.951423],[-70.528882,43.005769],[-70.558353,43.047264],[-70.599658,43.056939],[-70.582163,43.095487],[-70.540127,43.130547],[-70.534345,43.099055],[-70.493014,43.073043],[-70.430571,43.080218],[-70.406243,43.102092],[-70.419644,43.152551],[-70.44621,43.168149],[-70.521675,43.154883],[-70.506324,43.21883],[-70.520831,43.252104],[-70.49323,43.286829],[-70.421808,43.297495],[-70.369219,43.32222],[-70.318948,43.390138],[-70.268433,43.426351],[-70.155986,43.524444],[-69.855212,43.646947],[-69.719209,43.661745],[-69.664745,43.711748],[-69.566618,43.70283],[-69.51909,43.732122],[-69.505785,43.778456],[-69.40927,43.810817],[-69.384361,43.731756],[-69.32349,43.703669],[-69.262027,43.725426],[-69.23338,43.762316],[-69.26234,43.815374],[-69.236554,43.825626],[-69.18584,43.793786],[-69.141338,43.798421],[-69.083005,43.825647],[-69.055894,43.858911],[-68.990327,43.786891],[-68.949836,43.78017],[-68.925518,43.750088],[-68.874478,43.734179],[-68.826916,43.735711],[-68.782244,43.777537],[-68.785324,43.804339],[-68.749473,43.832531],[-68.68466,43.854647],[-68.663789,43.893926],[-68.679258,43.923455],[-68.742649,43.943147],[-68.721478,43.961938],[-68.659586,43.947991],[-68.585076,43.954312],[-68.547277,43.96862],[-68.436843,44.053233],[-68.368797,44.04522],[-68.311393,44.053429],[-68.263136,44.090617],[-68.20336,44.099587],[-68.175858,44.125083],[-68.17075,44.190114],[-68.122626,44.226041],[-68.12828,44.264253],[-68.060959,44.278256],[-68.018178,44.275107],[-67.973647,44.295159],[-67.925178,44.341434],[-67.858336,44.317024],[-67.80969,44.33651],[-67.805569,44.391015],[-67.77475,44.411314],[-67.741744,44.390831],[-67.674642,44.394634],[-67.636544,44.383592],[-67.567585,44.397209],[-67.492616,44.43222],[-67.444227,44.481126],[-67.443396,44.505279],[-67.356776,44.518094],[-67.301151,44.549591],[-67.248052,44.554898],[-67.187845,44.581782],[-67.096711,44.639192],[-67.010765,44.717322],[-66.885444,44.794208],[-66.932563,44.825508],[-66.965299,44.828903],[-66.982134,44.867259],[-66.96871,44.910389],[-67.021665,44.953914],[-67.112557,45.112584],[-67.158871,45.162035],[-67.227284,45.163429],[-67.290991,45.187572],[-67.295973,45.147837],[-67.340848,45.125041],[-67.427969,45.201791],[-67.489663,45.282133],[-67.428879,45.344387],[-67.426791,45.3898],[-67.472677,45.42322],[-67.500065,45.4909],[-67.432698,45.519781],[-67.425528,45.578432],[-67.456702,45.60434],[-67.499022,45.586654],[-67.608374,45.606148],[-67.67523,45.630741],[-67.717943,45.667661],[-67.80363,45.677651],[-67.809622,45.729574],[-67.781796,45.731117],[-67.809313,45.767358],[-67.802118,45.803034],[-67.755319,45.82335],[-67.803911,45.882898],[-67.75065,45.917471],[-67.781248,45.94345],[-67.781967,46.262768],[-67.788288,46.601305],[-67.790196,47.06722],[-67.882916,47.104403],[-67.951945,47.194534],[-68.019671,47.238498],[-68.135891,47.295648],[-68.152332,47.322052],[-68.234469,47.355301],[-68.36313,47.354657],[-68.384715,47.324081],[-68.377858,47.287375],[-68.458486,47.284367],[-68.475025,47.297139],[-68.5498,47.282142],[-68.58005,47.287115],[-68.607518,47.246982],[-68.687152,47.24441],[-68.811529,47.215131],[-68.900034,47.177742],[-69.0409,47.245011],[-69.054866,47.315331],[-69.054421,47.376541],[-69.039457,47.422286],[-69.081363,47.423739],[-69.175946,47.456755],[-69.224461,47.459833],[-69.668927,47.023501],[-69.997111,46.69552],[-70.056556,46.41655],[-70.100594,46.405414],[-70.126992,46.370808],[-70.175339,46.358097],[-70.208944,46.329494],[-70.2718,46.209942],[-70.292692,46.191464],[-70.240594,46.150969],[-70.253114,46.100119],[-70.300337,46.083585],[-70.278942,46.060838],[-70.317996,46.019075],[-70.312551,45.962135],[-70.265714,45.964206],[-70.239507,45.939848],[-70.26309,45.923987],[-70.258822,45.891169],[-70.341945,45.852344],[-70.41687,45.795536],[-70.384237,45.734014],[-70.439162,45.703874],[-70.465469,45.70653],[-70.526392,45.666356],[-70.563709,45.662742],[-70.592345,45.62952],[-70.645269,45.606438],[-70.689195,45.562183],[-70.677099,45.552211],[-70.722571,45.513672],[-70.681114,45.452183],[-70.650732,45.444944],[-70.623341,45.400217],[-70.660782,45.378133],[-70.712014,45.390483],[-70.754579,45.42831],[-70.798095,45.426516],[-70.825737,45.400265],[-70.802922,45.365026],[-70.806092,45.321579],[-70.848941,45.26309],[-70.857533,45.229134],[-70.896943,45.241864],[-70.921111,45.278829],[-70.917835,45.311723],[-70.952379,45.339117],[-71.083928,45.305484]]]}},{"type":"Feature","id":"NY","properties":{"name":"New York","abbreviation":"NY","stateFips":"36","geoid":"36"},"geometry":{"type":"MultiPolygon","coordinates":[[[[-73.343178,45.010713],[-73.650248,45.003001],[-73.882766,45.000987],[-74.150135,44.99136],[-74.336547,44.992017],[-74.683966,44.99969],[-74.731301,44.990419],[-74.834674,45.014698],[-74.907948,44.983369],[-74.972491,44.983405],[-75.064826,44.929449],[-75.134416,44.915102],[-75.164975,44.893548],[-75.283128,44.849148],[-75.369953,44.782883],[-75.504928,44.705354],[-75.620021,44.618716],[-75.766936,44.515272],[-75.807582,44.471707],[-75.821379,44.432042],[-75.912827,44.367805],[-75.970179,44.342533],[-76.001107,44.347867],[-76.096967,44.299707],[-76.161825,44.280776],[-76.164258,44.239603],[-76.245487,44.203664],[-76.312639,44.199045],[-76.352679,44.134743],[-76.438287,44.094172],[-76.49967,43.999538],[-76.753538,43.684275],[-76.776233,43.629529],[-77.499725,43.632084],[-78.124742,43.631175],[-78.688295,43.634742],[-78.749761,43.609258],[-79.200936,43.450422],[-79.070452,43.262455],[-79.055932,43.254674],[-79.042299,43.143663],[-79.069649,43.120322],[-79.074459,43.077863],[-79.00713,43.065757],[-79.023256,43.016356],[-79.011563,42.985256],[-78.93236,42.955857],[-78.905659,42.923357],[-78.930559,42.850105],[-78.99976,42.804368],[-79.476942,42.625057],[-79.762418,42.516072],[-79.761954,41.998841],[-79.05247,41.999387],[-78.857359,41.997705],[-78.622876,41.999975],[-78.122131,42.000358],[-77.829803,41.998288],[-77.511961,42.000077],[-77.103252,41.999833],[-76.749675,42.001689],[-76.442893,41.998759],[-75.764683,41.997856],[-75.359645,41.999554],[-75.317533,41.953578],[-75.292564,41.953866],[-75.257584,41.861957],[-75.176318,41.872423],[-75.157655,41.848692],[-75.113332,41.841667],[-75.072248,41.814131],[-75.102214,41.786434],[-75.053197,41.752425],[-75.044274,41.617644],[-75.074354,41.605911],[-75.028435,41.564603],[-74.987491,41.508819],[-74.981804,41.479949],[-74.943415,41.483681],[-74.835857,41.431095],[-74.741456,41.431154],[-74.73601,41.39833],[-74.69558,41.357607],[-74.457862,41.248427],[-74.330675,41.185457],[-73.902715,40.997327],[-73.896144,40.981873],[-73.929821,40.888682],[-74.014029,40.757551],[-74.02639,40.700103],[-74.055749,40.651476],[-74.126018,40.642151],[-74.18165,40.646528],[-74.2024,40.631592],[-74.214575,40.560533],[-74.250284,40.5423],[-74.253036,40.48666],[-74.225331,40.476578],[-73.977874,40.519095],[-73.889645,40.486511],[-73.826158,40.522874],[-73.768781,40.533747],[-73.624574,40.534511],[-73.486496,40.520505],[-73.326272,40.556916],[-73.274025,40.551314],[-73.124558,40.598366],[-73.014004,40.625099],[-72.874542,40.675019],[-72.374529,40.818595],[-72.249525,40.866765],[-71.932751,40.981952],[-71.837088,41.010892],[-71.794139,41.036977],[-71.777491,41.067292],[-71.790635,41.101837],[-71.790972,41.184101],[-71.907258,41.304483],[-71.929451,41.310387],[-72.019214,41.290594],[-72.081775,41.26224],[-72.999547,41.087108],[-73.249557,41.025866],[-73.612885,40.950943],[-73.656771,40.984509],[-73.655241,41.011852],[-73.727775,41.100696],[-73.482695,41.212772],[-73.550962,41.295421],[-73.521041,41.619773],[-73.487319,42.049525],[-73.50821,42.086134],[-73.264827,42.745851],[-73.290944,42.80192],[-73.278673,42.83341],[-73.256475,43.260093],[-73.246844,43.517252],[-73.248641,43.553858],[-73.297258,43.579691],[-73.302553,43.625709],[-73.37189,43.62449],[-73.398126,43.568065],[-73.428637,43.583994],[-73.42791,43.634428],[-73.402901,43.692495],[-73.370612,43.725329],[-73.351265,43.769823],[-73.391014,43.818411],[-73.3741,43.875304],[-73.408859,43.934505],[-73.410385,44.026503],[-73.437905,44.045125],[-73.390625,44.191068],[-73.363393,44.207737],[-73.310914,44.274298],[-73.333613,44.3723],[-73.296052,44.428334],[-73.306713,44.500335],[-73.381849,44.589316],[-73.38982,44.617211],[-73.370589,44.662518],[-73.363792,44.745254],[-73.335044,44.804109],[-73.379452,44.83801],[-73.356218,44.904492],[-73.338622,44.919366],[-73.343178,45.010713]]],[[[-74.040234,40.698833],[-74.038368,40.698687],[-74.040747,40.700167],[-74.040234,40.698833]]],[[[-74.047183,40.690411],[-74.044792,40.68859],[-74.043885,40.690185],[-74.047183,40.690411]]]]}},{"type":"Feature","id":"NV","properties":{"name":"Nevada","abbreviation":"NV","stateFips":"32","geoid":"32"},"geometry":{"type":"Polygon","coordinates":[[[-117.0262,42.000195],[-118.223189,41.997249],[-118.676499,41.992154],[-119.948657,41.996736],[-119.999234,41.994944],[-119.998287,41.618818],[-119.999875,40.999894],[-119.995976,40.57055],[-119.997903,39.981636],[-120.00082,39.606828],[-120.006473,39.272878],[-120.001014,38.999574],[-119.461282,38.627533],[-119.097159,38.372851],[-118.714201,38.102105],[-117.875927,37.497267],[-117.500117,37.22038],[-116.880674,36.75692],[-116.488233,36.459097],[-116.000655,36.083857],[-115.418086,35.628389],[-114.994666,35.292511],[-114.633487,35.001857],[-114.63819,35.022069],[-114.604182,35.073715],[-114.642831,35.096503],[-114.632282,35.117088],[-114.578263,35.12881],[-114.569529,35.162317],[-114.595163,35.321883],[-114.627325,35.410193],[-114.663541,35.447797],[-114.678892,35.501276],[-114.65677,35.534964],[-114.674881,35.578379],[-114.653927,35.611739],[-114.689001,35.65028],[-114.682657,35.688571],[-114.705447,35.711757],[-114.694267,35.756633],[-114.712026,35.805529],[-114.706076,35.845873],[-114.663214,35.873692],[-114.708112,35.909933],[-114.740536,35.975545],[-114.722096,36.028952],[-114.754508,36.086171],[-114.734085,36.104672],[-114.681847,36.109192],[-114.630474,36.142218],[-114.615455,36.129653],[-114.57109,36.151099],[-114.508104,36.149713],[-114.504715,36.127188],[-114.412491,36.146511],[-114.370181,36.142624],[-114.304171,36.07558],[-114.314427,36.060523],[-114.270862,36.045523],[-114.243865,36.015266],[-114.1534,36.02317],[-114.066798,36.179087],[-114.043944,36.19335],[-114.043135,36.380478],[-114.049935,36.709521],[-114.050052,37.000191],[-114.052806,37.593913],[-114.049613,37.823541],[-114.050298,38.424306],[-114.046099,40.401848],[-114.042874,40.795071],[-114.039463,41.719178],[-114.041477,41.993873],[-114.598281,41.994594],[-114.816425,42.001791],[-115.033002,41.996245],[-116.243962,41.997651],[-116.368477,41.99628],[-117.0262,42.000195]]]}},{"type":"Feature","id":"AK","properties":{"name":"Alaska","abbreviation":"AK","stateFips":"02","geoid":"02"},"geometry":{"type":"MultiPolygon","coordinates":[[[[-179.225686,51.299272],[-179.231086,51.267531],[-179.207885,51.202723],[-179.136941,51.175092],[-179.073599,51.179041],[-178.974841,51.255378],[-178.832806,51.323588],[-178.835223,51.390808],[-178.873163,51.424791],[-178.969425,51.457109],[-179.005041,51.452652],[-179.093238,51.390936],[-179.107599,51.353676],[-179.183665,51.338491],[-179.225686,51.299272]]],[[[-178.939554,51.833605],[-178.949954,51.760244],[-178.828019,51.694776],[-178.771313,51.696042],[-178.700904,51.716539],[-178.66349,51.747358],[-178.6468,51.7903],[-178.690328,51.849529],[-178.786532,51.88788],[-178.8451,51.88794],[-178.890361,51.873106],[-178.939554,51.833605]]],[[[-177.54292,51.935127],[-177.551982,51.908147],[-177.523687,51.866185],[-177.486726,51.843649],[-177.439542,51.840354],[-177.361935,51.864284],[-177.336333,51.888982],[-177.336427,51.921561],[-177.374366,51.962616],[-177.459546,51.982884],[-177.493635,51.974636],[-177.54292,51.935127]]],[[[-179.149873,51.595358],[-179.148893,51.554231],[-179.119926,51.519066],[-179.054123,51.511401],[-178.979778,51.531105],[-178.94862,51.560879],[-178.900273,51.522281],[-178.800193,51.485859],[-178.714796,51.493813],[-178.636421,51.524794],[-178.550193,51.508484],[-178.456158,51.543393],[-178.421676,51.587283],[-178.452206,51.621002],[-178.539807,51.652336],[-178.660122,51.665879],[-178.725892,51.652661],[-178.768295,51.616613],[-178.844584,51.637626],[-178.89076,51.62853],[-178.944168,51.596054],[-179.020046,51.63929],[-179.056029,51.645972],[-179.113344,51.632387],[-179.149873,51.595358]]],[[[-178.422942,51.508996],[-178.430875,51.476584],[-178.387409,51.43681],[-178.304339,51.421343],[-178.248645,51.423171],[-178.198412,51.443653],[-178.187623,51.482227],[-178.238616,51.529892],[-178.272583,51.541014],[-178.359982,51.537475],[-178.422942,51.508996]]],[[[-178.298847,51.903705],[-178.29765,51.845229],[-178.256047,51.812017],[-178.160298,51.778891],[-178.132047,51.757855],[-178.192339,51.720847],[-178.203197,51.661324],[-178.189368,51.633673],[-178.090227,51.603743],[-178.050708,51.579909],[-177.971292,51.552392],[-177.878264,51.543324],[-177.820492,51.584422],[-177.824904,51.631055],[-177.783402,51.647859],[-177.727713,51.610964],[-177.646772,51.599043],[-177.562724,51.622922],[-177.452033,51.640201],[-177.40298,51.670381],[-177.372288,51.641571],[-177.281097,51.627612],[-177.126859,51.65337],[-177.079985,51.674231],[-177.03409,51.732737],[-177.036601,51.807394],[-176.983042,51.825761],[-177.004157,51.78778],[-176.968373,51.748103],[-177.033935,51.703981],[-177.063747,51.664656],[-177.068654,51.592792],[-177.042558,51.566089],[-176.969615,51.538985],[-176.917886,51.538468],[-176.86215,51.570401],[-176.829718,51.558783],[-176.698731,51.578428],[-176.651242,51.603913],[-176.578277,51.622351],[-176.456544,51.676426],[-176.317809,51.681388],[-176.255186,51.695376],[-176.211341,51.73314],[-176.163021,51.719978],[-176.115566,51.726725],[-176.041836,51.755847],[-176.002634,51.748448],[-175.926598,51.776034],[-175.913035,51.800354],[-175.849754,51.795493],[-175.798639,51.839084],[-175.805938,51.86646],[-175.711936,51.873207],[-175.635931,51.91117],[-175.585375,51.904899],[-175.513076,51.926799],[-175.409982,51.930184],[-175.348719,51.962585],[-175.306859,51.952337],[-175.256259,51.961412],[-175.05636,51.948159],[-175.000328,51.954493],[-174.869303,51.989102],[-174.745065,51.955646],[-174.687933,51.957525],[-174.594282,51.978412],[-174.480891,51.952497],[-174.350394,51.980336],[-174.313974,52.036226],[-174.181141,52.047377],[-174.056503,52.051633],[-173.935161,52.004442],[-173.815227,51.989807],[-173.710034,52.00684],[-173.617415,52.000948],[-173.584913,51.982463],[-173.487318,51.971184],[-173.427865,51.984867],[-173.344224,51.98339],[-173.304522,52.005426],[-173.238867,52.008675],[-173.237169,51.988338],[-173.166703,51.946706],[-173.103229,51.959472],[-173.079672,52.017915],[-173.003272,52.027983],[-172.923058,52.02416],[-172.839231,52.071564],[-172.820251,52.100274],[-172.866641,52.148933],[-172.943681,52.146585],[-173.177817,52.161809],[-173.309768,52.154998],[-173.342973,52.166525],[-173.440764,52.168764],[-173.455704,52.19168],[-173.506303,52.213138],[-173.565141,52.203661],[-173.638568,52.206069],[-173.732104,52.183254],[-173.840597,52.201325],[-173.990472,52.183143],[-173.980493,52.211618],[-173.921781,52.267835],[-173.902834,52.319228],[-173.940226,52.396256],[-174.030867,52.439383],[-174.110582,52.468321],[-174.186419,52.471661],[-174.244998,52.454843],[-174.312733,52.456712],[-174.375813,52.421774],[-174.410698,52.376437],[-174.494712,52.366951],[-174.537649,52.317036],[-174.494395,52.26533],[-174.553484,52.259493],[-174.588998,52.228725],[-174.668509,52.225201],[-174.731558,52.171447],[-174.794704,52.150215],[-174.866087,52.165637],[-174.925233,52.16391],[-174.993214,52.136408],[-175.059425,52.136614],[-175.102363,52.108619],[-175.193097,52.104358],[-175.231624,52.090196],[-175.296617,52.08882],[-175.384328,52.063295],[-175.41243,52.035986],[-175.47036,52.042835],[-175.549135,52.009879],[-175.713203,52.026298],[-175.739328,52.0213],[-175.811998,52.047948],[-175.853662,52.096526],[-175.927769,52.091068],[-175.977085,52.141286],[-176.027744,52.160175],[-176.148375,52.171465],[-176.224434,52.153126],[-176.278241,52.103543],[-176.29313,52.065427],[-176.242864,51.926742],[-176.429137,51.91535],[-176.452771,51.907931],[-176.481491,52.018192],[-176.541188,52.05088],[-176.60128,52.05656],[-176.661916,52.040092],[-176.691487,52.017718],[-176.802469,52.016668],[-176.847819,51.995517],[-176.918866,51.882132],[-176.970985,51.861107],[-176.970048,51.924505],[-177.016896,51.965032],[-177.096462,51.990146],[-177.16806,51.999512],[-177.206209,51.99311],[-177.267458,51.959628],[-177.284361,51.913148],[-177.282892,51.863073],[-177.308894,51.836793],[-177.406215,51.836235],[-177.445697,51.809486],[-177.542051,51.788268],[-177.538368,51.873127],[-177.577068,51.901187],[-177.614912,51.905],[-177.73543,51.888407],[-177.826807,51.896414],[-177.889927,51.952575],[-177.947003,51.971312],[-178.064958,51.964771],[-178.10724,51.976507],[-178.24738,51.950166],[-178.298847,51.903705]]],[[[-175.60402,52.198683],[-175.598652,52.146684],[-175.561255,52.122571],[-175.485742,52.109387],[-175.437011,52.132807],[-175.404267,52.171636],[-175.419071,52.205473],[-175.492047,52.237577],[-175.532789,52.236606],[-175.60402,52.198683]]],[[[-171.374433,52.537118],[-171.393716,52.46813],[-171.358353,52.412545],[-171.294308,52.393134],[-171.206259,52.398891],[-171.136496,52.445671],[-171.111845,52.507559],[-171.064599,52.521246],[-171.033563,52.548524],[-171.022429,52.603717],[-171.069735,52.627062],[-171.140234,52.639633],[-171.205941,52.624928],[-171.248557,52.580856],[-171.31242,52.570745],[-171.374433,52.537118]]],[[[-172.714344,52.294751],[-172.707503,52.234227],[-172.676008,52.210576],[-172.616163,52.199088],[-172.510603,52.199946],[-172.427201,52.225424],[-172.377915,52.228363],[-172.228442,52.296193],[-172.210712,52.316267],[-172.224328,52.369429],[-172.24966,52.393454],[-172.379489,52.441278],[-172.483982,52.436651],[-172.633239,52.387863],[-172.714344,52.294751]]],[[[-175.224817,52.232965],[-175.205312,52.19123],[-175.152541,52.162979],[-175.102323,52.168005],[-175.036327,52.217628],[-175.053573,52.251305],[-175.119803,52.28054],[-175.204645,52.259112],[-175.224817,52.232965]]],[[[-163.008446,54.400172],[-163.004751,54.35158],[-162.952627,54.32573],[-162.875174,54.339016],[-162.77997,54.293215],[-162.768203,54.27044],[-162.700084,54.237969],[-162.623362,54.252517],[-162.563147,54.243579],[-162.494972,54.291723],[-162.429359,54.298514],[-162.358961,54.328523],[-162.282203,54.330965],[-162.238381,54.369921],[-162.248209,54.399265],[-162.354352,54.456691],[-162.411667,54.459125],[-162.44194,54.475336],[-162.505723,54.47802],[-162.582692,54.505767],[-162.610573,54.500422],[-162.691583,54.526388],[-162.733088,54.526588],[-162.824492,54.549254],[-162.880706,54.553213],[-162.93884,54.521145],[-162.959878,54.428017],[-163.008446,54.400172]]],[[[-159.88583,54.847189],[-159.91167,54.809288],[-159.855217,54.757704],[-159.8135,54.740418],[-159.74679,54.742672],[-159.688578,54.765596],[-159.652435,54.717778],[-159.547872,54.699296],[-159.469294,54.720968],[-159.425227,54.76],[-159.416772,54.792197],[-159.497605,54.855459],[-159.556116,54.880262],[-159.636302,54.871797],[-159.681326,54.887434],[-159.761051,54.891324],[-159.88583,54.847189]]],[[[-161.175006,55.184381],[-161.194399,55.154961],[-161.151562,55.11513],[-161.084405,55.104767],[-161.019971,55.129239],[-161.007495,55.170599],[-161.062748,55.206796],[-161.128954,55.206546],[-161.175006,55.184381]]],[[[-162.81901,54.811158],[-162.807411,54.779871],[-162.740178,54.753102],[-162.677799,54.762716],[-162.637181,54.804793],[-162.67295,54.843441],[-162.743205,54.857851],[-162.780742,54.847741],[-162.81901,54.811158]]],[[[-163.270887,55.431718],[-163.235362,55.366112],[-163.153941,55.343123],[-163.070964,55.361327],[-163.027938,55.42083],[-163.076008,55.488687],[-163.136534,55.525024],[-163.190419,55.530558],[-163.242512,55.517718],[-163.2715,55.477015],[-163.252129,55.453824],[-163.270887,55.431718]]],[[[-165.961086,53.916243],[-165.886883,53.97026],[-165.828073,53.978227],[-165.788966,54.016236],[-165.657173,54.036336],[-165.606712,53.976843],[-165.519767,53.97206],[-165.380965,54.016436],[-165.302878,53.980735],[-165.269632,53.980731],[-165.184461,54.01701],[-165.027259,54.012943],[-164.922796,54.028475],[-164.881048,54.043429],[-164.82194,54.130809],[-164.776193,54.135855],[-164.714485,54.166117],[-164.682382,54.201862],[-164.687755,54.250118],[-164.758529,54.278177],[-164.805369,54.282392],[-164.911241,54.254688],[-164.97497,54.214884],[-165.031512,54.208878],[-165.066871,54.180086],[-165.150257,54.180523],[-165.320971,54.144534],[-165.242817,54.177874],[-165.232074,54.21652],[-165.263023,54.236544],[-165.345177,54.251033],[-165.388479,54.288134],[-165.406766,54.326678],[-165.462493,54.346822],[-165.578685,54.341436],[-165.65555,54.347051],[-165.69617,54.332234],[-165.789147,54.239138],[-165.836642,54.25822],[-165.93722,54.276985],[-166.033944,54.260954],[-166.165117,54.195088],[-166.199075,54.135541],[-166.199012,54.103513],[-166.140833,54.046933],[-166.208071,54.047974],[-166.243221,54.030232],[-166.305071,54.051056],[-166.375582,54.061796],[-166.511146,54.05779],[-166.69242,54.067286],[-166.785194,54.065979],[-166.820198,54.048041],[-166.910406,54.040017],[-167.053993,54.008613],[-167.095698,53.975854],[-167.160743,53.953897],[-167.176297,53.911854],[-167.230077,53.888252],[-167.242893,53.854673],[-167.234071,53.814243],[-167.164881,53.773842],[-167.138205,53.709423],[-167.155683,53.67834],[-167.215232,53.658204],[-167.247031,53.614692],[-167.23038,53.566734],[-167.296282,53.539731],[-167.341149,53.543595],[-167.392666,53.528259],[-167.42239,53.498127],[-167.50266,53.495318],[-167.555203,53.465421],[-167.648125,53.442094],[-167.761228,53.431612],[-167.701143,53.487629],[-167.698213,53.524223],[-167.762306,53.568024],[-167.875044,53.56905],[-167.959882,53.612812],[-168.04033,53.610276],[-168.090352,53.619667],[-168.284012,53.571137],[-168.334434,53.538671],[-168.415259,53.509447],[-168.42524,53.486313],[-168.476672,53.450596],[-168.49636,53.421076],[-168.477602,53.378691],[-168.504296,53.362889],[-168.689337,53.303273],[-168.699054,53.280371],[-168.749414,53.266498],[-168.859449,53.188152],[-168.8907,53.108547],[-168.872783,53.081724],[-168.965352,53.050747],[-168.992147,53.024091],[-169.000092,52.982799],[-169.065733,52.981287],[-169.109409,52.95839],[-169.197133,52.964882],[-169.254085,52.924292],[-169.255424,52.884499],[-169.194679,52.849326],[-169.294273,52.811626],[-169.326592,52.753542],[-169.291456,52.722648],[-169.228058,52.71461],[-169.162008,52.732682],[-169.079385,52.777966],[-169.006222,52.785561],[-168.849464,52.840921],[-168.82705,52.85839],[-168.743002,52.854731],[-168.675826,52.894764],[-168.629249,52.905151],[-168.557114,52.95822],[-168.476273,52.919483],[-168.402684,52.929253],[-168.337155,52.956925],[-168.312586,52.988951],[-168.340882,53.030047],[-168.320494,53.050071],[-168.333987,53.083187],[-168.310851,53.090002],[-168.257713,53.141895],[-168.169901,53.158595],[-168.132158,53.219282],[-168.044049,53.244187],[-168.02627,53.226137],[-167.870794,53.205933],[-167.829213,53.191981],[-167.669278,53.17205],[-167.522141,53.186009],[-167.448576,53.213919],[-167.364381,53.276505],[-167.328174,53.271589],[-167.255145,53.28733],[-167.219879,53.325512],[-167.106758,53.366991],[-167.036259,53.381758],[-166.989565,53.373246],[-166.927364,53.385134],[-166.882904,53.377568],[-166.788669,53.383888],[-166.70179,53.402033],[-166.542131,53.482384],[-166.378655,53.602141],[-166.174938,53.659778],[-166.10738,53.694699],[-166.081516,53.725458],[-165.97636,53.771061],[-165.930337,53.818869],[-165.92267,53.845957],[-165.961086,53.916243]]],[[[-170.888913,52.649271],[-170.927388,52.549886],[-170.887588,52.513829],[-170.828318,52.491927],[-170.76383,52.489808],[-170.674426,52.539876],[-170.575685,52.554871],[-170.536133,52.573847],[-170.47402,52.638387],[-170.480994,52.69041],[-170.508314,52.721165],[-170.56411,52.742205],[-170.680452,52.749586],[-170.770387,52.721094],[-170.888913,52.649271]]],[[[-170.267285,52.764249],[-170.274914,52.737634],[-170.250063,52.681089],[-170.173754,52.662888],[-170.086581,52.662618],[-170.032586,52.675744],[-169.981799,52.71202],[-169.975547,52.738118],[-169.903846,52.740574],[-169.848754,52.76311],[-169.784986,52.736734],[-169.703061,52.716099],[-169.639088,52.736756],[-169.588613,52.800563],[-169.593389,52.88952],[-169.627824,52.92674],[-169.575239,52.993707],[-169.604454,53.062031],[-169.664233,53.085685],[-169.68986,53.112064],[-169.759148,53.134054],[-169.814087,53.126641],[-169.860754,53.105012],[-169.883215,53.045187],[-169.832955,53.009965],[-169.84289,52.969516],[-169.817745,52.937355],[-169.910493,52.935215],[-169.94175,52.958784],[-170.046106,52.973116],[-170.116519,52.963131],[-170.17689,52.935137],[-170.203381,52.897647],[-170.190133,52.862832],[-170.155335,52.837112],[-170.206764,52.822763],[-170.267285,52.764249]]],[[[-168.082956,53.992437],[-168.135846,53.946733],[-168.123085,53.911965],[-168.08304,53.882959],[-168.022944,53.87492],[-167.984062,53.886496],[-167.953453,53.921158],[-167.959039,53.9637],[-167.989561,53.989305],[-168.082956,53.992437]]],[[[-170.522709,57.193374],[-170.495259,57.128308],[-170.442669,57.102263],[-170.492045,57.080177],[-170.508488,57.046404],[-170.487284,57.012518],[-170.444143,56.996134],[-170.354132,57.002323],[-170.306096,57.029515],[-170.305369,57.056741],[-170.258919,57.062125],[-170.111782,57.136709],[-170.078314,57.169458],[-170.080803,57.192273],[-170.029775,57.220856],[-170.016511,57.266581],[-170.065379,57.297926],[-170.109481,57.305269],[-170.191024,57.297351],[-170.261697,57.264134],[-170.334457,57.272368],[-170.449598,57.249332],[-170.522709,57.193374]]],[[[-169.877592,56.630537],[-169.86824,56.587031],[-169.804777,56.547369],[-169.763735,56.540724],[-169.676092,56.496226],[-169.581263,56.483228],[-169.526637,56.492976],[-169.479413,56.526851],[-169.420474,56.549259],[-169.377545,56.587729],[-169.401641,56.636553],[-169.509265,56.667471],[-169.621913,56.661341],[-169.74735,56.675043],[-169.852881,56.658881],[-169.877592,56.630537]]],[[[-167.550799,60.240554],[-167.560296,60.205956],[-167.536351,60.178245],[-167.473241,60.148905],[-167.43645,60.108761],[-167.440769,60.056462],[-167.38558,60.021207],[-167.324149,60.018457],[-167.293405,59.999186],[-167.22273,59.993853],[-167.137842,59.944033],[-167.04204,59.935757],[-166.940622,59.911908],[-166.828905,59.85233],[-166.736783,59.838301],[-166.626126,59.797061],[-166.429671,59.801636],[-166.321854,59.773141],[-166.273867,59.733847],[-166.196613,59.703384],[-166.057893,59.695535],[-165.964817,59.722971],[-165.824859,59.806746],[-165.739022,59.841351],[-165.657822,59.836263],[-165.49547,59.870184],[-165.460906,59.895005],[-165.402458,59.970448],[-165.45188,59.990418],[-165.497496,60.027887],[-165.539365,60.034979],[-165.573173,60.075063],[-165.559676,60.133332],[-165.588498,60.178876],[-165.5666,60.21565],[-165.588301,60.241414],[-165.561519,60.301726],[-165.600197,60.338927],[-165.649483,60.348823],[-165.653928,60.37176],[-165.738465,60.405609],[-165.828446,60.39005],[-165.899385,60.403202],[-165.981366,60.374087],[-166.009532,60.387704],[-166.005798,60.419573],[-166.054192,60.469491],[-166.152432,60.510747],[-166.208589,60.505186],[-166.270933,60.478621],[-166.276332,60.451613],[-166.349823,60.417745],[-166.443624,60.444484],[-166.528839,60.44427],[-166.620121,60.412947],[-166.666308,60.385785],[-166.739337,60.387861],[-166.844681,60.345031],[-166.943778,60.278103],[-167.018065,60.266235],[-167.120546,60.291225],[-167.153458,60.282431],[-167.30983,60.290718],[-167.4377,60.262848],[-167.508074,60.263109],[-167.550799,60.240554]]],[[[-170.042222,57.205047],[-170.044012,57.165052],[-169.989069,57.130412],[-169.886869,57.145438],[-169.849034,57.176165],[-169.87123,57.221536],[-169.960408,57.237419],[-170.042222,57.205047]]],[[[-172.867009,60.222142],[-172.890361,60.182124],[-172.84832,60.148778],[-172.799541,60.138804],[-172.694193,60.15461],[-172.634324,60.200743],[-172.649219,60.236895],[-172.698574,60.258374],[-172.773586,60.25549],[-172.867009,60.222142]]],[[[-173.218431,60.676231],[-173.23223,60.636827],[-173.140223,60.575533],[-173.163222,60.538316],[-173.167818,60.48108],[-173.144869,60.457101],[-173.067391,60.439905],[-172.931452,60.389684],[-172.910228,60.339623],[-172.847945,60.318383],[-172.802382,60.31865],[-172.679356,60.278026],[-172.596125,60.258622],[-172.49604,60.274221],[-172.407526,60.278764],[-172.379188,60.260714],[-172.295509,60.23883],[-172.189488,60.250816],[-172.120378,60.287337],[-172.10909,60.314012],[-172.168051,60.348912],[-172.278507,60.388328],[-172.319929,60.416798],[-172.39357,60.436506],[-172.530021,60.435741],[-172.68784,60.48012],[-172.760255,60.514181],[-172.815327,60.557852],[-172.819641,60.61349],[-172.888646,60.644135],[-172.943849,60.6507],[-172.953052,60.694481],[-172.989762,60.731811],[-173.059068,60.747748],[-173.158632,60.72877],[-173.218431,60.676231]]],[[[-171.944727,63.570618],[-171.965319,63.472874],[-171.884887,63.37759],[-171.839244,63.342682],[-171.772284,63.315327],[-171.651548,63.29104],[-171.622014,63.277154],[-171.481935,63.254531],[-171.398887,63.257642],[-171.326229,63.282697],[-171.251398,63.292568],[-171.166047,63.348158],[-171.066836,63.371108],[-170.908249,63.369945],[-170.596895,63.311616],[-170.515276,63.28791],[-170.439075,63.251596],[-170.383448,63.210752],[-170.394358,63.171056],[-170.328022,63.138724],[-170.115416,63.127247],[-169.95276,63.064072],[-169.901408,63.037365],[-169.863264,62.980144],[-169.864597,62.944697],[-169.838952,62.925889],[-169.727891,62.896333],[-169.638796,62.884908],[-169.591036,62.887867],[-169.525341,62.924659],[-169.461551,62.932839],[-169.419861,62.973856],[-169.451083,63.038551],[-169.367966,63.061076],[-169.282326,63.114405],[-169.230644,63.123502],[-169.066713,63.128214],[-168.92278,63.099567],[-168.946607,63.074451],[-168.940357,63.046329],[-168.868548,63.019792],[-168.803229,63.017652],[-168.700727,63.056925],[-168.682789,63.084668],[-168.73346,63.131553],[-168.609261,63.229362],[-168.586695,63.27247],[-168.587718,63.325229],[-168.642768,63.34488],[-168.883611,63.374355],[-169.035,63.387453],[-169.234552,63.390727],[-169.455539,63.41502],[-169.4838,63.435631],[-169.602285,63.480635],[-169.792993,63.49074],[-169.926599,63.526739],[-169.985628,63.622959],[-170.168075,63.719891],[-170.296846,63.755572],[-170.50403,63.7534],[-170.619933,63.723455],[-170.705152,63.713083],[-170.959155,63.625888],[-171.165036,63.658988],[-171.251321,63.667442],[-171.535603,63.721875],[-171.520679,63.750236],[-171.54883,63.800461],[-171.617503,63.833641],[-171.674734,63.84368],[-171.776372,63.837724],[-171.855926,63.78567],[-171.835333,63.743361],[-171.865168,63.705497],[-171.860196,63.674736],[-171.90495,63.639243],[-171.944727,63.570618]]],[[[-168.971029,65.81463],[-168.971903,65.688765],[-168.856091,65.691236],[-168.785494,65.716319],[-168.762466,65.751166],[-168.80098,65.795173],[-168.861005,65.817807],[-168.971029,65.81463]]],[[[-168.869229,65.620853],[-168.80835,65.578526],[-168.733164,65.572244],[-168.633681,65.601358],[-168.63791,65.639863],[-168.710586,65.673136],[-168.794617,65.671216],[-168.85674,65.640596],[-168.869229,65.620853]]],[[[-168.207906,65.003291],[-168.210114,64.951372],[-168.137033,64.918432],[-168.037032,64.909284],[-167.953094,64.932994],[-167.913829,64.969943],[-167.924296,65.002728],[-168.004872,65.038897],[-168.076108,65.043289],[-168.156162,65.029174],[-168.207906,65.003291]]],[[[-136.454427,57.830676],[-136.4075,57.7499],[-136.2379,57.5345],[-136.0468,57.2718],[-135.866275,57.000002],[-135.1998,56.5064],[-134.859222,56.244942],[-134.815063,56.215859],[-134.666396,56.147586],[-134.494173,55.999638],[-134.524971,55.948566],[-134.601556,55.922925],[-134.645685,55.871472],[-134.629053,55.843592],[-134.56937,55.80401],[-134.42103,55.748631],[-134.192027,55.693053],[-134.046609,55.850477],[-134.026978,55.892],[-134.002184,55.847262],[-134.007385,55.805938],[-133.965255,55.780699],[-133.8859,55.780235],[-133.837978,55.793297],[-133.831784,55.74151],[-133.879562,55.715451],[-133.887681,55.683639],[-133.867501,55.657325],[-133.798246,55.633231],[-133.810351,55.586406],[-133.861381,55.480639],[-133.907153,55.434003],[-133.873917,55.39884],[-133.833038,55.388568],[-133.771598,55.394323],[-133.761376,55.346261],[-133.775623,55.282245],[-133.707609,55.229371],[-133.691221,55.198473],[-133.61366,55.170265],[-133.70094,55.078617],[-133.790528,55.000581],[-133.784521,54.95349],[-133.741566,54.822922],[-133.648903,54.632045],[-132.925702,54.65897],[-132.004808,54.682448],[-131.762339,54.68684],[-131.203074,54.691317],[-131.053724,54.687221],[-130.726595,54.669923],[-130.64791,54.648906],[-130.625721,54.738073],[-130.659038,54.763058],[-130.628874,54.78272],[-130.568203,54.792153],[-130.459388,54.848465],[-130.344537,54.918813],[-130.273328,54.973964],[-130.187562,55.062841],[-130.180886,55.091251],[-130.102842,55.192602],[-129.974167,55.281919],[-130.021107,55.337916],[-130.041216,55.451725],[-130.089853,55.497978],[-130.127904,55.581035],[-130.111657,55.682901],[-130.147758,55.714903],[-130.152406,55.766287],[-130.124764,55.805642],[-130.083493,55.821707],[-130.003787,55.907442],[-130.017669,55.911933],[-130.003484,56.008075],[-130.103799,56.122798],[-130.246219,56.096411],[-130.35009,56.128542],[-130.426006,56.141561],[-130.46787,56.243054],[-130.540532,56.247451],[-130.62331,56.266878],[-130.781981,56.366844],[-131.087349,56.406005],[-131.173469,56.449524],[-131.472029,56.552666],[-131.581069,56.612231],[-131.835327,56.599203],[-131.860671,56.702983],[-131.901072,56.753675],[-131.872878,56.805994],[-132.123568,56.873648],[-132.04519,57.045059],[-132.368982,57.091513],[-132.247921,57.211253],[-132.36979,57.349746],[-132.553685,57.496514],[-132.660863,57.616736],[-132.751058,57.695973],[-132.869367,57.839713],[-133.070098,58.00034],[-133.172311,58.153676],[-133.345433,58.276333],[-133.461504,58.387723],[-133.377305,58.430549],[-133.557805,58.523131],[-133.707118,58.612274],[-133.840504,58.729444],[-133.972357,58.767312],[-134.258072,58.861037],[-134.336466,58.923413],[-134.31349,58.962182],[-134.407147,58.97921],[-134.381879,59.038763],[-134.447124,59.089224],[-134.483393,59.131602],[-134.565568,59.131123],[-134.679117,59.192274],[-134.700718,59.24901],[-134.959904,59.280927],[-135.030525,59.346348],[-134.989746,59.387129],[-135.10102,59.427531],[-135.02756,59.474738],[-135.0289,59.56366],[-135.117833,59.62307],[-135.15759,59.62572],[-135.219844,59.662776],[-135.233668,59.696144],[-135.360108,59.737612],[-135.479162,59.798041],[-135.952645,59.662166],[-136.192904,59.640027],[-136.353936,59.599827],[-136.23983,59.559412],[-136.238506,59.524326],[-136.305022,59.464518],[-136.368243,59.44896],[-136.477156,59.465824],[-136.469248,59.284079],[-136.584442,59.165854],[-136.828727,59.159959],[-136.969676,59.101234],[-137.282847,58.999998],[-137.451726,58.908349],[-137.526115,58.906371],[-137.5,58.985395],[-137.542135,59.106427],[-137.607354,59.243803],[-137.957464,59.426904],[-138.292157,59.599207],[-138.626199,59.76858],[-138.668649,59.809656],[-138.707376,59.906326],[-138.79852,59.924649],[-139.053673,59.994836],[-139.198847,60.088296],[-139.072125,60.319429],[-139.07482,60.352504],[-139.692982,60.335225],[-139.981093,60.181965],[-140.458209,60.308086],[-140.520427,60.219819],[-140.768801,60.26018],[-141.001833,60.305894],[-141.001329,63.656423],[-141.001332,66.053958],[-141.000591,69.646614],[-141.002782,69.703648],[-141.133589,69.725351],[-141.377896,69.744147],[-141.452863,69.772776],[-141.591453,69.814582],[-141.74611,69.848242],[-141.914016,69.87204],[-142.079087,69.908502],[-142.425158,70.011456],[-142.480273,70.033905],[-142.706295,70.088196],[-143.027932,70.151191],[-143.167885,70.193493],[-143.226433,70.201998],[-143.360787,70.196324],[-143.411447,70.183571],[-143.575659,70.199428],[-143.830619,70.170345],[-143.940585,70.169685],[-144.056861,70.138663],[-144.143083,70.131866],[-144.366956,70.092281],[-144.433968,70.09273],[-144.529104,70.079061],[-144.681468,70.015773],[-144.843338,70.039576],[-144.926553,70.040021],[-144.986093,70.070305],[-145.064983,70.087611],[-145.27936,70.088959],[-145.450117,70.133163],[-145.564554,70.14455],[-145.741855,70.199237],[-145.981781,70.242307],[-146.104011,70.253289],[-146.206061,70.254694],[-146.249175,70.26734],[-146.377918,70.28375],[-146.456944,70.280393],[-146.60897,70.28727],[-146.708963,70.28243],[-146.777882,70.315744],[-146.926522,70.350783],[-147.096413,70.358608],[-147.171908,70.350164],[-147.182621,70.369754],[-147.277332,70.402515],[-147.328351,70.407433],[-147.372518,70.430539],[-147.455158,70.445705],[-147.562431,70.446586],[-147.611266,70.436478],[-147.652482,70.459704],[-147.779436,70.471869],[-147.778474,70.491661],[-147.818531,70.520023],[-147.899626,70.542099],[-148.003502,70.545579],[-148.099622,70.524],[-148.126929,70.501345],[-148.292512,70.537459],[-148.421305,70.532864],[-148.502749,70.504325],[-148.515479,70.477475],[-148.487009,70.453316],[-148.548867,70.472972],[-148.651767,70.478168],[-148.711811,70.50767],[-148.78726,70.525377],[-148.974944,70.533706],[-149.090476,70.56542],[-149.407348,70.603825],[-149.679875,70.621495],[-149.795955,70.61187],[-149.929511,70.614763],[-150.033533,70.587698],[-150.117869,70.606181],[-150.242712,70.604337],[-150.323214,70.57856],[-150.34524,70.553232],[-150.435341,70.557849],[-150.500803,70.548853],[-150.652326,70.544851],[-150.795152,70.548359],[-150.871147,70.535535],[-150.92972,70.514285],[-151.044642,70.497621],[-151.189837,70.492924],[-151.314977,70.463426],[-151.369256,70.473393],[-151.548891,70.491085],[-151.503329,70.536023],[-151.516778,70.571355],[-151.61274,70.593604],[-152.04636,70.813156],[-152.058155,70.841165],[-152.151851,70.875131],[-152.342426,70.907057],[-152.396399,70.910949],[-152.509757,70.934726],[-152.679914,70.934576],[-152.816845,70.960524],[-152.938991,70.961124],[-153.000113,70.969877],[-153.137035,70.974059],[-153.27431,70.970957],[-153.445078,70.940861],[-153.512403,70.935944],[-153.74238,70.945055],[-153.899175,70.936218],[-154.437675,71.023552],[-154.498788,71.055368],[-154.626275,71.100724],[-154.821317,71.158961],[-155.003322,71.200078],[-155.146466,71.223477],[-155.30018,71.235261],[-155.458865,71.26859],[-155.657935,71.287043],[-155.756215,71.283381],[-155.827361,71.328692],[-155.926428,71.357685],[-156.248047,71.406245],[-156.294684,71.408506],[-156.400626,71.435407],[-156.48772,71.439786],[-156.582252,71.427671],[-156.642261,71.396139],[-156.760867,71.372877],[-156.94083,71.311204],[-157.239584,71.157098],[-157.348288,71.087976],[-157.532422,71.007554],[-157.815236,70.927274],[-157.931469,70.902154],[-158.171463,70.871047],[-158.333536,70.872034],[-158.452243,70.884934],[-158.552723,70.902828],[-158.620767,70.945568],[-158.733998,70.963119],[-158.905014,70.955372],[-159.079436,70.932758],[-159.23844,70.920281],[-159.597545,70.864719],[-159.755467,70.830526],[-159.879411,70.777179],[-160.042375,70.719861],[-160.244558,70.635975],[-160.303955,70.603371],[-160.414217,70.561298],[-160.665148,70.476437],[-160.907861,70.415742],[-161.038098,70.389898],[-161.315134,70.347256],[-161.504947,70.350732],[-161.870216,70.382785],[-161.948657,70.374742],[-162.465221,70.217243],[-162.605901,70.146847],[-162.818817,69.999028],[-163.133561,69.838702],[-163.206275,69.757031],[-163.287772,69.632384],[-163.289589,69.430357],[-163.333191,69.35932],[-163.380589,69.320219],[-163.571891,69.223146],[-163.650798,69.168692],[-163.792339,69.108021],[-163.933067,69.069815],[-164.020365,69.03315],[-164.279379,68.979617],[-164.480914,68.968528],[-164.638672,68.966439],[-164.795587,68.949084],[-165.357048,68.908939],[-165.620856,68.903708],[-166.200151,68.933823],[-166.278334,68.92707],[-166.347428,68.900386],[-166.366119,68.868875],[-166.327312,68.781756],[-166.333297,68.696133],[-166.371236,68.651302],[-166.367664,68.574994],[-166.434915,68.530642],[-166.443925,68.478486],[-166.502872,68.456109],[-166.849981,68.401644],[-166.912914,68.385326],[-166.971567,68.35606],[-166.972107,68.322448],[-166.942041,68.302594],[-166.86059,68.287478],[-166.759633,68.294564],[-166.651983,68.288318],[-166.471414,68.264721],[-166.2853,68.224367],[-166.177537,68.18503],[-166.095919,68.118267],[-165.966042,68.072492],[-165.86945,68.055089],[-165.68438,68.034723],[-165.596046,68.034727],[-165.499453,68.018782],[-164.664921,67.698216],[-164.549011,67.661994],[-164.28127,67.591666],[-164.175429,67.547599],[-164.00451,67.397808],[-163.882534,67.214976],[-163.962463,67.196696],[-164.002718,67.172554],[-163.99123,67.147883],[-163.911385,67.104695],[-163.781524,67.06976],[-163.617682,67.048732],[-163.340526,67.025915],[-163.049471,66.986611],[-162.876849,66.947828],[-162.832032,66.926813],[-163.203244,66.782197],[-163.403542,66.710324],[-163.626215,66.624174],[-163.805093,66.641286],[-164.061795,66.641872],[-164.424297,66.630217],[-164.751902,66.592546],[-164.880444,66.572628],[-165.43444,66.47523],[-165.777739,66.397362],[-166.093966,66.315998],[-166.317088,66.251935],[-166.480248,66.211933],[-166.719474,66.148046],[-167.007857,66.05141],[-167.178403,65.999567],[-167.308342,65.944325],[-167.520823,65.878152],[-167.718856,65.834922],[-167.883398,65.803275],[-168.077126,65.756089],[-168.155129,65.728351],[-168.221307,65.675449],[-168.231887,65.622567],[-168.167584,65.546902],[-168.03105,65.50943],[-167.938029,65.499896],[-167.896866,65.476685],[-167.756709,65.447226],[-167.60639,65.385626],[-167.400891,65.34727],[-167.191299,65.337629],[-167.070331,65.327491],[-166.94893,65.307909],[-167.008529,65.276652],[-167.072439,65.199782],[-167.084339,65.155695],[-167.04093,65.109248],[-166.978964,65.06941],[-166.878158,65.02995],[-166.824467,65.017457],[-166.828999,64.999315],[-166.761901,64.963493],[-166.589185,64.908291],[-166.517208,64.857383],[-166.570203,64.833417],[-166.586748,64.801469],[-166.590163,64.738948],[-166.507841,64.631373],[-166.352029,64.568137],[-166.281388,64.544956],[-166.353875,64.506444],[-166.351132,64.477883],[-166.271959,64.43778],[-166.153861,64.432974],[-166.095696,64.459804],[-166.070873,64.490159],[-166.07779,64.520459],[-165.850211,64.493879],[-165.680679,64.483641],[-165.476868,64.45769],[-165.335918,64.444417],[-165.032205,64.387987],[-164.804228,64.401061],[-164.754801,64.407824],[-164.465135,64.483867],[-164.355355,64.508447],[-164.180902,64.519569],[-163.976218,64.508316],[-163.850767,64.519398],[-163.814064,64.531186],[-163.75039,64.51964],[-163.656951,64.52194],[-163.536172,64.503581],[-163.457729,64.48211],[-163.363754,64.445642],[-163.323338,64.407866],[-163.241932,64.360743],[-163.165797,64.349864],[-162.795802,64.275674],[-162.728062,64.287467],[-162.632747,64.331926],[-162.594768,64.338437],[-162.517872,64.384906],[-162.486691,64.470897],[-162.441884,64.504119],[-162.313491,64.542789],[-162.237403,64.524356],[-162.027939,64.461317],[-162.002127,64.458789],[-161.59084,64.335541],[-161.493433,64.328378],[-161.413899,64.358587],[-161.326796,64.334012],[-161.075402,64.206652],[-161.0706,64.084975],[-161.04566,64.022467],[-160.944644,63.921532],[-160.920124,63.859745],[-160.880051,63.812181],[-160.8862,63.771397],[-161.024205,63.671793],[-161.098069,63.656136],[-161.139971,63.625226],[-161.142543,63.604178],[-161.202071,63.587368],[-161.270082,63.530191],[-161.314358,63.519229],[-161.511954,63.519746],[-161.603114,63.504155],[-161.660178,63.514387],[-161.840405,63.493288],[-161.896214,63.50822],[-161.95696,63.557209],[-162.222744,63.596914],[-162.25462,63.646467],[-162.304355,63.672025],[-162.394359,63.688304],[-162.481046,63.685007],[-162.584319,63.691392],[-162.691327,63.667729],[-162.786166,63.624067],[-162.826441,63.57636],[-162.772898,63.529747],[-162.679831,63.491626],[-162.552552,63.482598],[-162.437773,63.491994],[-162.700287,63.291175],[-162.739517,63.268925],[-162.870861,63.253559],[-162.937697,63.215102],[-162.958127,63.176791],[-163.026178,63.153468],[-163.118702,63.101558],[-163.252479,63.092454],[-163.349816,63.123687],[-163.455166,63.174955],[-163.58471,63.205803],[-163.658101,63.249717],[-163.771848,63.276228],[-163.870625,63.284227],[-163.932943,63.300173],[-164.051256,63.317355],[-164.250047,63.303452],[-164.395461,63.279893],[-164.495673,63.251159],[-164.609283,63.199523],[-164.746821,63.110398],[-164.743802,63.093231],[-164.830317,63.08225],[-164.906736,63.044895],[-164.910614,63.005155],[-164.895533,62.948636],[-164.939272,62.877516],[-164.996533,62.866583],[-165.038144,62.820647],[-164.986703,62.76074],[-165.063015,62.733981],[-165.126,62.740517],[-165.221888,62.722466],[-165.259015,62.6922],[-165.239301,62.634082],[-165.213091,62.614431],[-165.276974,62.609214],[-165.338687,62.576038],[-165.346209,62.526699],[-165.383615,62.496962],[-165.37958,62.469606],[-165.41873,62.440431],[-165.44887,62.391022],[-165.525885,62.35344],[-165.621272,62.291784],[-165.739566,62.204852],[-165.792469,62.190323],[-165.820598,62.166228],[-165.89259,62.138152],[-165.90181,62.119276],[-166.005766,62.123444],[-166.049213,62.108022],[-166.126052,62.038723],[-166.118314,62.009699],[-166.075946,61.98305],[-166.112514,61.873144],[-166.197763,61.834273],[-166.237551,61.780565],[-166.237946,61.740862],[-166.262127,61.693264],[-166.260245,61.658725],[-166.288613,61.580809],[-166.254094,61.522252],[-166.19449,61.459867],[-166.0313,61.395299],[-165.990387,61.316435],[-165.90327,61.256945],[-165.837561,61.238721],[-165.786881,61.198115],[-165.743395,61.125193],[-165.66365,61.057809],[-165.538782,61.02678],[-165.41667,61.01248],[-165.346602,61.015442],[-165.258377,61.050643],[-165.236558,61.05009],[-165.301137,60.990243],[-165.30215,60.96644],[-165.263026,60.923133],[-165.170523,60.876928],[-165.157507,60.829298],[-165.176175,60.796326],[-165.123369,60.736627],[-165.164241,60.707675],[-165.222048,60.695373],[-165.340191,60.638268],[-165.445579,60.623523],[-165.518263,60.566016],[-165.501449,60.52618],[-165.42653,60.474383],[-165.333575,60.459266],[-165.288232,60.442645],[-165.239556,60.443226],[-165.235411,60.42515],[-165.09866,60.334709],[-164.971916,60.277019],[-164.851129,60.24899],[-164.74881,60.240313],[-164.658596,60.175533],[-164.597386,60.158238],[-164.488226,60.054962],[-164.445735,60.030511],[-164.342832,60.002931],[-164.420269,59.9781],[-164.449658,59.953338],[-164.415696,59.884867],[-164.346545,59.848355],[-164.313152,59.806286],[-164.230963,59.753062],[-164.124795,59.716276],[-164.080776,59.670513],[-164.0133,59.637759],[-163.919717,59.640464],[-163.847071,59.617927],[-163.760961,59.639716],[-163.748901,59.686422],[-163.813675,59.716942],[-163.896892,59.714642],[-163.99974,59.754965],[-163.98239,59.761465],[-163.784373,59.740569],[-163.64742,59.743609],[-163.582016,59.751635],[-163.330029,59.769662],[-163.145863,59.795642],[-163.105667,59.778241],[-163.025586,59.767542],[-162.947224,59.768288],[-162.868661,59.780381],[-162.82609,59.80066],[-162.818048,59.840276],[-162.707559,59.880175],[-162.698375,59.891816],[-162.606411,59.888301],[-162.562638,59.896826],[-162.449848,59.884616],[-162.441661,59.844078],[-162.364341,59.810869],[-162.257318,59.806189],[-162.186655,59.818908],[-162.068325,59.716426],[-162.042606,59.670729],[-162.003056,59.644654],[-161.871266,59.524791],[-161.914449,59.469289],[-162.014024,59.432134],[-162.053612,59.40899],[-162.064755,59.360032],[-162.111558,59.332929],[-162.166604,59.275075],[-162.163811,59.224461],[-162.102198,59.128752],[-162.007676,59.055286],[-162.001131,59.070226],[-161.953346,59.032703],[-161.881765,58.944146],[-161.881793,58.857504],[-161.851201,58.807983],[-161.889159,58.7843],[-161.949166,58.724329],[-162.091043,58.722735],[-162.168522,58.710276],[-162.268985,58.667557],[-162.270411,58.622126],[-162.230286,58.598551],[-162.132217,58.571376],[-161.998613,58.561078],[-161.909046,58.572739],[-161.863645,58.568726],[-161.855038,58.532169],[-161.817568,58.505726],[-161.74924,58.496019],[-161.640249,58.502326],[-161.586982,58.518419],[-161.571499,58.543755],[-161.489866,58.561895],[-161.457832,58.585966],[-161.353457,58.603585],[-161.233978,58.643453],[-161.177037,58.607068],[-161.186773,58.573297],[-161.158918,58.512383],[-161.095794,58.490027],[-161.015597,58.503062],[-160.933436,58.496109],[-160.87415,58.510066],[-160.801773,58.551428],[-160.787268,58.58157],[-160.700028,58.672074],[-160.601628,58.793323],[-160.608715,58.843621],[-160.343087,58.880542],[-160.297601,58.79915],[-160.234,58.773956],[-160.150765,58.771996],[-160.089153,58.806303],[-160.004365,58.744612],[-159.939081,58.717906],[-159.893861,58.715036],[-159.748103,58.760305],[-159.701694,58.796397],[-159.544685,58.778419],[-159.404728,58.665957],[-159.151388,58.415773],[-159.148388,58.370302],[-159.107876,58.347541],[-159.018722,58.33414],[-158.965513,58.352805],[-158.911681,58.342909],[-158.810329,58.347151],[-158.744724,58.363725],[-158.689543,58.401682],[-158.624733,58.422033],[-158.605235,58.455592],[-158.213032,58.542604],[-158.147875,58.54378],[-158.069822,58.490317],[-158.893482,56.999841],[-158.893585,56.945059],[-158.981567,56.911126],[-159.08157,56.852889],[-159.173914,56.81445],[-159.35122,56.757721],[-159.425744,56.740187],[-159.580984,56.672923],[-159.807911,56.610327],[-159.905139,56.578175],[-159.994064,56.516406],[-160.069137,56.480279],[-160.225416,56.4336],[-160.305584,56.369214],[-160.413157,56.321734],[-160.439433,56.298814],[-160.483833,56.229537],[-160.513669,56.203017],[-160.545655,56.115279],[-160.616035,56.067421],[-160.929572,56.07938],[-161.044741,56.071402],[-161.211108,56.06741],[-161.428659,56.011574],[-161.600409,55.986716],[-161.729498,55.954868],[-161.82575,55.942655],[-161.906193,55.912201],[-161.981019,55.859419],[-162.043579,55.832035],[-162.134185,55.809061],[-162.17227,55.77353],[-162.289791,55.724866],[-162.415091,55.626611],[-162.500232,55.572852],[-162.547228,55.528745],[-162.645035,55.488497],[-162.681563,55.463181],[-162.726973,55.45887],[-162.847089,55.423916],[-162.935161,55.382051],[-162.982797,55.335617],[-163.150455,55.229505],[-163.29068,55.193397],[-163.458942,55.128136],[-163.567947,55.100158],[-163.630692,55.093229],[-163.770299,55.108826],[-163.858656,55.088983],[-163.950176,55.078812],[-164.047447,55.020657],[-164.157871,55.015654],[-164.307525,54.951458],[-164.418151,54.979558],[-164.521182,54.969124],[-164.614255,54.923877],[-164.637539,54.900759],[-164.651179,54.844199],[-164.698512,54.801539],[-164.70608,54.773484],[-164.78278,54.691702],[-164.835172,54.687341],[-164.999482,54.626249],[-165.036163,54.576598],[-165.026975,54.520773],[-164.99563,54.457309],[-164.901297,54.374651],[-164.805378,54.345537],[-164.617109,54.338874],[-164.487063,54.369602],[-164.414987,54.368823],[-164.346873,54.396565],[-164.276684,54.437207],[-164.250013,54.46793],[-164.22786,54.523664],[-164.122671,54.556119],[-164.056175,54.563649],[-163.876218,54.57047],[-163.712797,54.570191],[-163.593563,54.54114],[-163.52618,54.551662],[-163.501081,54.582011],[-163.413938,54.600378],[-163.225096,54.617287],[-163.059141,54.606203],[-162.999786,54.623531],[-162.954776,54.659815],[-162.968606,54.708702],[-163.104935,54.809385],[-163.141738,54.820251],[-163.079392,54.853838],[-163.0632,54.879518],[-162.967801,54.882516],[-162.893903,54.844238],[-162.822063,54.85659],[-162.790797,54.888816],[-162.732588,54.895763],[-162.651105,54.922157],[-162.578894,54.908523],[-162.614602,54.877898],[-162.618933,54.845228],[-162.56937,54.815132],[-162.512606,54.811487],[-162.483085,54.792724],[-162.533142,54.776612],[-162.554931,54.749344],[-162.539364,54.707207],[-162.459877,54.666524],[-162.490348,54.622377],[-162.464173,54.587524],[-162.479815,54.540932],[-162.428512,54.507669],[-162.365035,54.507693],[-162.31511,54.545719],[-162.317308,54.572429],[-162.279405,54.582348],[-162.23943,54.638708],[-162.187276,54.639579],[-162.104846,54.618286],[-162.034654,54.644777],[-162.051136,54.701677],[-162.011859,54.718417],[-161.96467,54.716935],[-161.935837,54.695241],[-161.841016,54.684516],[-161.765058,54.724459],[-161.698367,54.747442],[-161.604932,54.742424],[-161.576552,54.760705],[-161.564744,54.797197],[-161.630072,54.840346],[-161.667594,54.882865],[-161.717277,54.895744],[-161.666681,54.928116],[-161.672281,54.959246],[-161.58458,54.967949],[-161.567561,54.957493],[-161.470086,54.949729],[-161.394097,54.968485],[-161.359522,54.991451],[-161.361235,55.033825],[-161.417585,55.062056],[-161.375388,55.089157],[-161.313573,55.086621],[-161.246501,55.126975],[-161.248508,55.193258],[-161.181357,55.204231],[-161.155505,55.222462],[-161.080383,55.214364],[-161.01604,55.25142],[-161.019724,55.284664],[-161.068997,55.312391],[-161.12859,55.313389],[-161.18561,55.285761],[-161.238709,55.296047],[-160.995901,55.381243],[-160.907905,55.420374],[-160.859006,55.419874],[-160.953424,55.325367],[-160.943945,55.263825],[-160.922363,55.238058],[-160.942697,55.202328],[-160.905064,55.159454],[-160.899676,55.09535],[-160.836775,55.068151],[-160.786356,55.070815],[-160.709692,55.112055],[-160.598691,55.094056],[-160.59173,55.052774],[-160.519469,55.025123],[-160.460837,55.035845],[-160.430926,55.064862],[-160.446923,55.108174],[-160.376906,55.16542],[-160.366832,55.196475],[-160.278369,55.205074],[-160.242536,55.241055],[-160.203577,55.335775],[-160.155994,55.253813],[-160.130092,55.238675],[-160.149679,55.196376],[-160.270951,55.138869],[-160.288523,55.111625],[-160.244364,55.022575],[-160.292857,55.000674],[-160.297657,54.976474],[-160.343393,54.930881],[-160.337202,54.877276],[-160.302812,54.829746],[-160.258106,54.806889],[-160.207725,54.807342],[-160.113037,54.854921],[-160.093976,54.890379],[-160.034488,54.879604],[-159.986819,54.891218],[-159.952976,54.929384],[-159.906919,54.909474],[-159.846099,54.902435],[-159.775735,54.937838],[-159.773988,54.968493],[-159.734735,54.990245],[-159.724503,55.017793],[-159.676556,54.987239],[-159.580341,54.987598],[-159.543252,54.976369],[-159.546603,54.933583],[-159.503258,54.900755],[-159.43928,54.896002],[-159.362297,54.828315],[-159.26057,54.812737],[-159.201515,54.833672],[-159.132695,54.885531],[-159.111791,54.91569],[-159.133584,54.956011],[-159.251514,55.006699],[-159.212298,55.025842],[-159.204305,55.066011],[-159.252834,55.106171],[-159.410886,55.123496],[-159.408095,55.174397],[-159.427079,55.201146],[-159.419793,55.249896],[-159.399493,55.259793],[-159.415307,55.315381],[-159.482601,55.336294],[-159.544335,55.328407],[-159.609058,55.26779],[-159.660206,55.24291],[-159.735979,55.226108],[-159.766801,55.293085],[-159.843304,55.340049],[-159.932583,55.336981],[-159.996367,55.390194],[-160.050544,55.395777],[-160.041162,55.448879],[-160.002045,55.459081],[-159.951138,55.507583],[-159.655302,55.528886],[-159.538153,55.532006],[-159.503979,55.567355],[-159.521517,55.600894],[-159.446868,55.638531],[-158.0,55.639444],[-157.098709,56.238308],[-157.129765,56.268695],[-156.330713,56.749278],[-156.330702,57.050839],[-156.316483,57.105502],[-156.227811,57.162455],[-156.214506,57.19518],[-156.247041,57.243776],[-156.167196,57.345852],[-156.098355,57.379848],[-155.978919,57.395895],[-155.939758,57.41287],[-155.844485,57.497513],[-155.719259,57.497419],[-155.645503,57.522358],[-155.639486,57.602267],[-155.459864,57.637648],[-155.360914,57.625029],[-155.300397,57.642894],[-155.277003,57.676112],[-155.245788,57.681595],[-155.209955,57.716257],[-155.15006,57.750022],[-155.160861,57.790588],[-155.078876,57.79534],[-155.043525,57.81239],[-154.994017,57.863188],[-154.940742,57.975071],[-154.893803,57.983541],[-154.800929,57.959148],[-154.708989,57.982295],[-154.539595,57.988197],[-154.390744,57.999301],[-154.335126,58.026711],[-154.265523,58.038228],[-154.211801,58.080288],[-154.155186,58.090983],[-154.119565,58.113228],[-154.108918,58.14601],[-154.058971,58.175206],[-154.03904,58.230362],[-153.970038,58.312724],[-153.925988,58.319795],[-153.858557,58.374274],[-153.881794,58.456499],[-153.82107,58.487799],[-153.810656,58.515386],[-153.692361,58.493506],[-153.609804,58.519746],[-153.592668,58.542253],[-153.51515,58.548397],[-153.468709,58.566502],[-153.44702,58.598409],[-153.478776,58.641694],[-153.371581,58.673275],[-153.318021,58.712962],[-153.244798,58.70747],[-153.186964,58.729345],[-153.166846,58.755175],[-153.2025,58.801333],[-153.152349,58.847582],[-153.184086,58.905729],[-153.02118,59.002452],[-151.85538,59.077617],[-151.444173,59.099687],[-151.255287,59.137764],[-150.992194,59.180837],[-150.801062,59.231825],[-150.456456,59.308688],[-149.6213,59.527516],[-149.467504,59.733767],[-149.269625,59.84542],[-148.980202,59.893721],[-148.605476,59.884296],[-148.437224,59.89281],[-148.218506,59.87564],[-148.100746,59.815697],[-148.039657,59.769047],[-147.956439,59.744131],[-147.819382,59.73667],[-147.68724,59.74168],[-147.520846,59.774079],[-147.334827,59.833874],[-147.280964,59.878726],[-147.271129,59.963437],[-147.24174,59.998317],[-147.161568,60.052993],[-147.10194,60.081337],[-146.939279,60.103848],[-146.734306,60.154142],[-146.465707,60.212501],[-146.179309,60.280056],[-145.976568,60.314652],[-145.824323,60.315117],[-145.621695,60.255803],[-145.317687,60.179691],[-145.097975,60.146112],[-144.776015,60.129592],[-144.607277,60.078347],[-144.539684,60.010149],[-144.641727,59.924389],[-144.777798,59.829935],[-144.778103,59.778563],[-144.67677,59.727395],[-144.542182,59.719321],[-144.410509,59.746274],[-144.144078,59.919452],[-144.033587,59.919671],[-143.89521,59.942647],[-143.836166,59.946479],[-143.642702,59.988825],[-143.490905,60.003491],[-143.117041,60.0195],[-142.826045,60.051102],[-142.577987,60.04352],[-142.457277,60.020797],[-142.297274,60.011827],[-142.138094,59.987481],[-142.00184,59.974604],[-141.889312,59.952695],[-141.755024,59.918737],[-141.406096,59.823812],[-141.05222,59.737849],[-140.927192,59.702075],[-140.647117,59.666567],[-140.425097,59.65703],[-139.902835,59.497983],[-139.71637,59.434313],[-139.579539,59.377606],[-139.392875,59.318184],[-139.264792,59.282392],[-139.05104,59.233655],[-138.873903,59.180166],[-138.758546,59.126526],[-138.618176,59.074728],[-138.471406,59.049105],[-138.349932,59.022363],[-138.252506,58.98944],[-138.224081,58.968851],[-138.115383,58.919757],[-138.021467,58.861449],[-138.029291,58.805501],[-137.99604,58.749505],[-137.869552,58.691561],[-137.775938,58.640754],[-137.762218,58.596502],[-137.675051,58.554838],[-137.602565,58.541748],[-137.450459,58.464324],[-137.374174,58.440911],[-137.315833,58.410112],[-137.247535,58.392847],[-137.120297,58.329663],[-137.072353,58.32362],[-137.0145,58.344311],[-136.937829,58.2686],[-136.897769,58.259519],[-136.814412,58.18879],[-136.711549,58.155669],[-136.616339,58.14723],[-136.515428,58.180583],[-136.510268,58.153464],[-136.650241,58.102629],[-136.678891,58.036293],[-136.65113,57.993777],[-136.658568,57.901455],[-136.616659,57.869218],[-136.454427,57.830676]]],[[[-161.436921,64.133553],[-161.414441,64.08677],[-161.37318,64.069742],[-161.306032,64.061969],[-161.22175,64.075294],[-161.184483,64.106159],[-161.176662,64.146856],[-161.223548,64.176433],[-161.310363,64.189368],[-161.420197,64.158416],[-161.436921,64.133553]]],[[[-161.855846,63.621632],[-161.83922,63.570355],[-161.78447,63.553788],[-161.72105,63.553739],[-161.641536,63.588497],[-161.639572,63.617746],[-161.696387,63.648986],[-161.814522,63.64667],[-161.855846,63.621632]]],[[[-160.525786,58.730237],[-160.54432,58.674326],[-160.475339,58.627192],[-160.387627,58.627646],[-160.41429,58.586934],[-160.396861,58.553919],[-160.301029,58.535758],[-160.225597,58.565539],[-160.212158,58.595046],[-160.154086,58.637109],[-160.152731,58.658199],[-160.096973,58.697283],[-160.101914,58.724812],[-160.137618,58.748898],[-160.214084,58.755477],[-160.416039,58.798445],[-160.490372,58.773631],[-160.525786,58.730237]]],[[[-160.09759,58.599914],[-160.059052,58.547826],[-160.008535,58.534684],[-159.921321,58.543964],[-159.863447,58.578686],[-159.867681,58.610517],[-159.914198,58.65023],[-160.004645,58.665602],[-160.074876,58.639886],[-160.09759,58.599914]]],[[[-146.508166,59.392467],[-146.460812,59.347133],[-146.368577,59.334762],[-146.274561,59.350307],[-146.149535,59.417175],[-146.171126,59.482168],[-146.242924,59.519954],[-146.25322,59.56553],[-146.315936,59.586622],[-146.371539,59.583903],[-146.423759,59.558714],[-146.427834,59.466669],[-146.49367,59.420715],[-146.508166,59.392467]]],[[[-152.464855,58.92422],[-152.452584,58.884872],[-152.383294,58.82829],[-152.314622,58.819997],[-152.249644,58.840674],[-152.195357,58.840633],[-152.134072,58.858118],[-152.066781,58.833013],[-151.981582,58.837277],[-151.936387,58.86738],[-151.891805,58.876391],[-151.853889,58.908764],[-151.867776,58.946411],[-151.937184,58.9883],[-152.019555,59.010921],[-152.083367,59.005021],[-152.188222,59.016144],[-152.245651,58.993457],[-152.32345,59.007459],[-152.414003,58.992233],[-152.464855,58.92422]]],[[[-154.915559,57.349873],[-154.931222,57.28237],[-154.831099,57.230644],[-154.767085,57.214507],[-154.685766,57.214222],[-154.619782,57.16236],[-154.601128,57.036382],[-154.628536,57.002006],[-154.577483,56.952773],[-154.440058,56.9236],[-154.387719,56.895618],[-154.385524,56.830269],[-154.217826,56.720467],[-154.236672,56.667573],[-154.360108,56.633524],[-154.429981,56.654631],[-154.540498,56.655844],[-154.597483,56.636033],[-154.758106,56.559815],[-154.812367,56.523827],[-154.893847,56.444724],[-154.862939,56.383851],[-154.794933,56.359288],[-154.725732,56.355219],[-154.628878,56.386089],[-154.58199,56.426811],[-154.498209,56.455784],[-154.403176,56.441668],[-154.340563,56.464402],[-154.233608,56.443474],[-154.153344,56.46005],[-154.105404,56.450077],[-153.936276,56.453461],[-153.806605,56.50936],[-153.762432,56.556745],[-153.790896,56.610105],[-153.842106,56.620565],[-153.98212,56.609011],[-153.99976,56.634951],[-153.919919,56.642539],[-153.890075,56.671708],[-153.800432,56.689928],[-153.747553,56.745044],[-153.760419,56.776474],[-153.666038,56.794844],[-153.61518,56.834385],[-153.501321,56.856673],[-153.450947,56.90034],[-153.476856,56.941319],[-153.449095,56.97081],[-153.404529,56.950773],[-153.274315,56.94273],[-153.180959,56.96068],[-153.110449,57.011579],[-153.098289,57.040313],[-152.983991,57.066455],[-152.938004,57.066172],[-152.834162,57.094425],[-152.77738,57.14145],[-152.785206,57.192457],[-152.835629,57.217365],[-152.676554,57.22727],[-152.642719,57.235372],[-152.537667,57.300752],[-152.528758,57.327327],[-152.415584,57.38447],[-152.383147,57.335407],[-152.314917,57.318585],[-152.258481,57.323429],[-152.186344,57.353181],[-152.156516,57.405855],[-152.216486,57.438229],[-152.222437,57.475299],[-152.063498,57.571205],[-152.031006,57.628631],[-152.034856,57.653319],[-152.07979,57.686297],[-152.124093,57.811725],[-152.161118,57.842956],[-152.256378,57.868605],[-152.220211,57.930223],[-152.265633,57.971139],[-152.316625,57.979604],[-152.329642,57.999268],[-152.414453,58.036577],[-152.474517,58.045427],[-152.453348,58.059287],[-152.325253,58.047918],[-152.260737,58.073357],[-152.127475,58.092019],[-152.033519,58.111781],[-151.966392,58.153742],[-151.908223,58.117206],[-151.861054,58.110604],[-151.76402,58.136626],[-151.706604,58.187821],[-151.690505,58.235134],[-151.705003,58.270515],[-151.755183,58.303397],[-151.707285,58.331345],[-151.712804,58.37398],[-151.794995,58.400596],[-151.854532,58.391451],[-151.895216,58.371705],[-151.932291,58.390667],[-152.024262,58.412618],[-152.071909,58.440027],[-152.173277,58.44973],[-152.091097,58.471728],[-152.060881,58.50083],[-152.065493,58.52676],[-152.113481,58.561664],[-152.182827,58.573973],[-152.18932,58.620255],[-152.247712,58.680728],[-152.312588,58.700448],[-152.384799,58.690424],[-152.392986,58.730459],[-152.473569,58.757258],[-152.545567,58.742446],[-152.61001,58.692279],[-152.698413,58.648644],[-152.767549,58.5866],[-152.775121,58.549412],[-152.861747,58.520049],[-152.880859,58.489791],[-152.922284,58.472185],[-153.123069,58.330216],[-153.200035,58.266252],[-153.288207,58.225534],[-153.314674,58.193012],[-153.367469,58.179292],[-153.500135,58.079555],[-153.504763,58.040328],[-153.480194,58.018844],[-153.538946,58.007366],[-153.634354,57.971368],[-153.744876,57.940008],[-153.786622,57.917712],[-153.870567,57.928779],[-153.917133,57.916559],[-153.943451,57.885667],[-154.128419,57.770665],[-154.240065,57.715467],[-154.32974,57.693178],[-154.407011,57.690525],[-154.480937,57.631856],[-154.572729,57.62059],[-154.625182,57.572904],[-154.703145,57.542016],[-154.790158,57.461417],[-154.815397,57.412787],[-154.888628,57.381918],[-154.915559,57.349873]]],[[[-156.900164,56.191611],[-156.903153,56.155053],[-156.883602,56.12284],[-156.81717,56.104096],[-156.844914,56.022111],[-156.822209,55.967556],[-156.764,55.953001],[-156.675427,55.95677],[-156.611958,55.982919],[-156.553324,56.027075],[-156.556048,56.090162],[-156.626815,56.140192],[-156.671961,56.148351],[-156.651112,56.20096],[-156.690626,56.257249],[-156.770234,56.279793],[-156.841994,56.27008],[-156.872228,56.247023],[-156.900164,56.191611]]],[[[-155.8368,55.800824],[-155.826241,55.759274],[-155.794349,55.729594],[-155.719822,55.711786],[-155.581366,55.699912],[-155.528092,55.705848],[-155.474751,55.741459],[-155.485224,55.818623],[-155.453119,55.883916],[-155.474353,55.913594],[-155.581139,55.930679],[-155.676765,55.907663],[-155.751457,55.854242],[-155.804761,55.836437],[-155.8368,55.800824]]],[[[173.776072,52.79175],[173.788707,52.74972],[173.837962,52.716023],[173.951577,52.685723],[174.079323,52.663317],[174.162514,52.656735],[174.224005,52.683417],[174.237827,52.703262],[174.232727,52.757294],[174.199279,52.78028],[174.114439,52.803348],[174.050148,52.789084],[173.980591,52.813972],[173.870638,52.83479],[173.802008,52.819658],[173.776072,52.79175]]],[[[172.376405,52.959617],[172.347846,52.906691],[172.419377,52.859746],[172.479079,52.855234],[172.610139,52.798226],[172.68015,52.748621],[172.736945,52.727887],[172.814384,52.730843],[172.867624,52.690246],[172.943087,52.688847],[173.036015,52.72846],[173.046236,52.747549],[173.103306,52.72979],[173.209628,52.739651],[173.330236,52.692833],[173.398532,52.710474],[173.42169,52.755611],[173.403376,52.777562],[173.526057,52.774482],[173.580647,52.815485],[173.567615,52.841867],[173.474076,52.907621],[173.39064,52.909129],[173.371409,52.960345],[173.321938,52.992121],[173.238356,52.99976],[173.215888,53.020355],[173.132208,53.043958],[172.98182,53.04689],[172.954158,53.038951],[172.888347,53.054129],[172.83659,53.051029],[172.734418,53.063645],[172.623154,53.053152],[172.52773,53.023318],[172.427776,52.971536],[172.376405,52.959617]]],[[[173.27441,52.416633],[173.277677,52.381973],[173.304045,52.356453],[173.379545,52.338139],[173.48159,52.326668],[173.533699,52.33177],[173.638633,52.29425],[173.730796,52.297572],[173.794269,52.32501],[173.814072,52.353347],[173.781013,52.450471],[173.844605,52.488872],[173.847774,52.537185],[173.778133,52.566102],[173.608254,52.559873],[173.559031,52.547098],[173.480493,52.502566],[173.43129,52.508664],[173.31594,52.464638],[173.27441,52.416633]]],[[[175.782523,52.417244],[175.763482,52.380743],[175.831392,52.305577],[175.896612,52.281263],[176.009925,52.299553],[176.064518,52.363376],[176.004911,52.409504],[175.9179,52.434338],[175.841909,52.440288],[175.782523,52.417244]]],[[[177.28016,52.127579],[177.332629,52.075209],[177.386805,52.075196],[177.443023,52.105259],[177.445983,52.13513],[177.408835,52.167632],[177.367356,52.175299],[177.315409,52.160976],[177.28016,52.127579]]],[[[178.175829,51.884591],[178.120934,51.832516],[178.140529,51.796534],[178.197291,51.767331],[178.249881,51.724474],[178.328374,51.719234],[178.400459,51.703609],[178.469216,51.71871],[178.496347,51.744522],[178.47904,51.789972],[178.368434,51.860539],[178.220078,51.888728],[178.175829,51.884591]]],[[[177.121343,51.917871],[177.119609,51.858733],[177.200321,51.82441],[177.230799,51.798389],[177.30872,51.75963],[177.371623,51.761858],[177.415205,51.791044],[177.41624,51.871217],[177.475632,51.860401],[177.546408,51.861616],[177.654905,51.875155],[177.735965,51.902128],[177.790596,51.892395],[177.837076,51.902269],[177.874,51.956098],[177.845707,51.983779],[177.703157,52.007035],[177.760432,52.061168],[177.769615,52.106375],[177.745655,52.141602],[177.643993,52.184427],[177.573248,52.187155],[177.510776,52.161097],[177.425994,52.077783],[177.416431,52.038128],[177.34829,52.028386],[177.287431,52.005456],[177.260016,51.97872],[177.165962,51.949032],[177.121343,51.917871]]],[[[177.94554,51.895617],[177.939043,51.85492],[177.997184,51.822029],[178.044883,51.821497],[178.097952,51.85069],[178.093707,51.8945],[178.068986,51.914481],[177.996976,51.922034],[177.94554,51.895617]]],[[[178.02057,52.071861],[178.000402,52.033322],[178.016307,51.9787],[178.059675,51.948114],[178.142805,51.939326],[178.19587,51.948843],[178.260541,51.910156],[178.330922,51.89855],[178.371085,51.906843],[178.412991,51.875365],[178.477297,51.852208],[178.531591,51.846716],[178.580728,51.859552],[178.666904,51.930252],[178.663949,51.982846],[178.61658,52.009375],[178.512412,52.043436],[178.402664,52.021704],[178.267159,52.037451],[178.247369,52.067529],[178.188838,52.098677],[178.121977,52.107419],[178.076903,52.100001],[178.02057,52.071861]]],[[[179.408729,52.005355],[179.38969,51.923789],[179.423537,51.885805],[179.484606,51.848027],[179.623212,51.818988],[179.671672,51.825664],[179.735258,51.854972],[179.78507,51.862639],[179.825017,51.892021],[179.859681,51.960366],[179.847075,51.992471],[179.78219,52.033431],[179.658381,52.07827],[179.540865,52.064166],[179.508306,52.039712],[179.450323,52.031319],[179.408729,52.005355]]],[[[178.531813,51.649692],[178.551773,51.599855],[178.667225,51.542743],[178.707997,51.537394],[178.790241,51.492458],[178.896012,51.492535],[178.995702,51.422043],[179.122027,51.3532],[179.150655,51.316344],[179.218196,51.294985],[179.29678,51.3067],[179.403075,51.306849],[179.459386,51.316026],[179.51087,51.308265],[179.578406,51.354344],[179.576908,51.376814],[179.522519,51.419149],[179.425221,51.462817],[179.287067,51.469823],[179.226815,51.512934],[179.170325,51.523028],[179.087443,51.583533],[179.06062,51.63251],[178.972427,51.646442],[178.922067,51.668628],[178.698784,51.709566],[178.607285,51.716523],[178.559492,51.701652],[178.531813,51.649692]]]]}},{"type":"Feature","id":"MI","properties":{"name":"Michigan","abbreviation":"MI","stateFips":"26","geoid":"26"},"geometry":{"type":"Polygon","coordinates":[[[-83.11246,41.95941],[-83.14945,42.040264],[-83.121704,42.125431],[-83.133937,42.174802],[-83.127999,42.238695],[-83.097704,42.289675],[-83.063637,42.316857],[-82.83025,42.373492],[-82.64307,42.554321],[-82.606967,42.548282],[-82.523434,42.607344],[-82.510851,42.664992],[-82.467667,42.761906],[-82.482574,42.808644],[-82.456249,42.925177],[-82.413474,42.976887],[-82.424916,42.993055],[-82.122971,43.590827],[-82.249914,44.165143],[-82.382837,44.750016],[-82.52064,45.335902],[-82.999963,45.556378],[-83.483974,45.771937],[-83.636867,45.773944],[-83.433558,45.998895],[-83.571467,46.105998],[-83.654647,46.122055],[-83.759529,46.103173],[-83.826243,46.119288],[-83.903737,46.060819],[-83.955424,46.057188],[-83.976134,46.102554],[-84.005873,46.118469],[-84.005685,46.149551],[-84.077027,46.187558],[-84.108089,46.241238],[-84.119629,46.315013],[-84.106247,46.321963],[-84.138906,46.372221],[-84.146172,46.41852],[-84.111225,46.504119],[-84.128925,46.530119],[-84.226131,46.53392],[-84.254857,46.50079],[-84.293016,46.492803],[-84.341959,46.507505],[-84.420274,46.501077],[-84.475594,46.452864],[-84.556976,46.46065],[-84.762957,46.634324],[-84.859335,46.888843],[-85.125524,47.000018],[-85.250111,47.05654],[-85.500131,47.158284],[-86.125142,47.416744],[-86.125141,47.423468],[-86.250139,47.477903],[-86.50013,47.568324],[-86.75012,47.67196],[-86.949226,47.749905],[-87.063101,47.799991],[-87.500095,47.968114],[-87.625091,48.021109],[-87.750087,48.063878],[-87.875082,48.114726],[-88.000078,48.155883],[-88.000077,48.16405],[-88.369862,48.306063],[-88.677442,48.245397],[-89.33755,47.974261],[-89.483385,48.013716],[-89.625167,47.799549],[-89.957102,47.291103],[-90.000145,47.214969],[-90.418392,46.566099],[-90.393262,46.532433],[-90.33165,46.553084],[-90.316554,46.516896],[-90.229601,46.508416],[-90.163319,46.434764],[-90.118822,46.359531],[-90.120572,46.337039],[-89.091638,46.138447],[-88.851133,46.040444],[-88.782073,46.016185],[-88.739671,46.027423],[-88.678868,46.013595],[-88.658654,45.98929],[-88.616471,45.987732],[-88.59712,46.017133],[-88.506364,46.01761],[-88.497978,45.995794],[-88.454319,45.997656],[-88.417025,45.975178],[-88.380891,45.991813],[-88.291732,45.951161],[-88.245801,45.963021],[-88.197126,45.953213],[-88.095193,45.916108],[-88.101757,45.883192],[-88.070483,45.874329],[-88.132456,45.824156],[-88.094754,45.785755],[-88.05064,45.780999],[-87.994539,45.795637],[-87.963452,45.75822],[-87.879812,45.754843],[-87.812338,45.711303],[-87.781007,45.673934],[-87.824392,45.64771],[-87.780845,45.614599],[-87.797536,45.562124],[-87.831691,45.568036],[-87.793215,45.505028],[-87.812884,45.464329],[-87.861697,45.434473],[-87.849668,45.409518],[-87.888052,45.354697],[-87.754104,45.349442],[-87.693956,45.389893],[-87.658175,45.369476],[-87.647768,45.340563],[-87.687729,45.297492],[-87.735282,45.176565],[-87.683902,45.144135],[-87.661211,45.108279],[-87.442508,45.076434],[-87.405694,45.201969],[-87.315422,45.240657],[-87.17117,45.35254],[-87.101133,45.44423],[-86.754236,45.44361],[-86.2501,45.235735],[-86.49993,45.0808],[-86.686288,44.881002],[-86.855184,44.500339],[-86.847694,44.500339],[-87.00008,44.154821],[-87.013234,44.131905],[-87.048847,44.0],[-87.114102,43.734111],[-87.125079,43.670445],[-87.147166,43.379859],[-87.108397,43.12501],[-87.019935,42.493498],[-87.150009,42.000033],[-87.207774,41.760956],[-86.591616,41.759487],[-86.108465,41.760697],[-85.87178,41.759248],[-84.805885,41.760171],[-84.805972,41.696118],[-84.192317,41.71101],[-83.415851,41.733794],[-83.11246,41.95941]]]}},{"type":"Feature","id":"AR","properties":{"name":"Arkansas","abbreviation":"AR","stateFips":"05","geoid":"05"},"geometry":{"type":"Polygon","coordinates":[[[-91.166095,33.004291],[-91.12029,33.054922],[-91.200805,33.107765],[-91.183698,33.141744],[-91.14849,33.13026],[-91.086017,33.136281],[-91.081303,33.18428],[-91.10026,33.219428],[-91.05413,33.24599],[-91.047314,33.281932],[-91.085946,33.274103],[-91.098517,33.238694],[-91.14164,33.300066],[-91.140462,33.351352],[-91.063801,33.419276],[-91.070742,33.455851],[-91.096262,33.438493],[-91.120367,33.388866],[-91.169702,33.380351],[-91.208682,33.402723],[-91.199096,33.41828],[-91.132746,33.429622],[-91.131338,33.480927],[-91.161614,33.497478],[-91.169915,33.451898],[-91.235222,33.439022],[-91.18342,33.505062],[-91.21402,33.524698],[-91.228441,33.566938],[-91.178555,33.567305],[-91.132102,33.595908],[-91.139179,33.628472],[-91.211678,33.656791],[-91.223914,33.693739],[-91.160367,33.706602],[-91.128956,33.673631],[-91.079776,33.658036],[-91.030328,33.687716],[-91.068051,33.716198],[-91.125949,33.708948],[-91.148807,33.73136],[-91.1353,33.782001],[-91.005165,33.76703],[-91.000474,33.799483],[-91.049083,33.816026],[-91.072772,33.867294],[-91.010863,33.92731],[-91.084579,33.956363],[-91.088976,34.000061],[-91.018948,34.003225],[-90.999977,33.966386],[-90.966173,33.964663],[-90.988184,34.019211],[-90.890599,34.028508],[-90.871122,34.080249],[-90.921294,34.093514],[-90.958644,34.135484],[-90.909957,34.165511],[-90.836099,34.137876],[-90.807564,34.161821],[-90.817488,34.183198],[-90.886746,34.182501],[-90.934544,34.217854],[-90.906334,34.244382],[-90.847149,34.20613],[-90.833629,34.274074],[-90.760423,34.270733],[-90.735873,34.310687],[-90.76513,34.342511],[-90.757304,34.367392],[-90.676859,34.371381],[-90.693129,34.32257],[-90.657488,34.322231],[-90.666853,34.355773],[-90.640355,34.389],[-90.586232,34.409172],[-90.577894,34.433255],[-90.59392,34.484176],[-90.540493,34.557871],[-90.591784,34.623794],[-90.570102,34.693432],[-90.540087,34.676432],[-90.554885,34.645168],[-90.517548,34.630759],[-90.468237,34.670806],[-90.474166,34.705277],[-90.533333,34.696388],[-90.571944,34.712777],[-90.539444,34.755277],[-90.547778,34.783333],[-90.521111,34.801944],[-90.492777,34.772499],[-90.524166,34.731388],[-90.474999,34.723888],[-90.448423,34.739117],[-90.476584,34.794004],[-90.455379,34.820785],[-90.480323,34.882356],[-90.42931,34.868752],[-90.438729,34.825248],[-90.389393,34.830665],[-90.317741,34.871058],[-90.257858,34.893385],[-90.243757,34.94527],[-90.308361,34.995694],[-90.296968,35.038175],[-90.206997,35.025849],[-90.186547,35.045423],[-90.16954,35.119715],[-90.138669,35.131519],[-90.097834,35.118693],[-90.068236,35.15567],[-90.0981,35.169005],[-90.07616,35.221477],[-90.094337,35.24879],[-90.155264,35.258981],[-90.162058,35.298255],[-90.109966,35.304988],[-90.080873,35.386005],[-90.14075,35.409444],[-90.135676,35.376696],[-90.179342,35.385313],[-90.16888,35.421878],[-90.129435,35.442119],[-90.107837,35.476836],[-90.079007,35.476874],[-90.054322,35.389277],[-90.048086,35.411737],[-90.002668,35.429985],[-90.050212,35.516391],[-90.039876,35.547418],[-89.989667,35.560221],[-89.958749,35.523837],[-89.908934,35.51424],[-89.914191,35.549606],[-89.942247,35.557143],[-89.956592,35.590622],[-89.856104,35.635012],[-89.858318,35.668724],[-89.908575,35.651736],[-89.955841,35.690399],[-89.958798,35.725586],[-89.907461,35.759288],[-89.838717,35.742129],[-89.79895,35.759356],[-89.781662,35.805228],[-89.72817,35.802697],[-89.694709,35.834769],[-89.767923,35.860017],[-89.76524,35.893106],[-89.716352,35.907059],[-89.676378,35.876698],[-89.645617,35.885833],[-89.650267,35.927663],[-89.714007,35.959813],[-89.733056,36.000809],[-90.3779,35.995745],[-90.292928,36.114499],[-90.235445,36.139395],[-90.219965,36.184727],[-90.13241,36.226432],[-90.115118,36.265205],[-90.083795,36.271938],[-90.064193,36.302502],[-90.082381,36.321979],[-90.063224,36.377551],[-90.082044,36.401237],[-90.135975,36.413334],[-90.13417,36.454152],[-90.152307,36.497982],[-90.807408,36.498834],[-91.422068,36.497138],[-91.539505,36.499236],[-93.137471,36.497853],[-93.544892,36.49931],[-94.617859,36.499431],[-94.580572,36.265903],[-94.5105,35.862498],[-94.431014,35.393167],[-94.449747,34.873199],[-94.467876,34.287435],[-94.485903,33.637858],[-94.44678,33.640178],[-94.469058,33.607642],[-94.428034,33.590038],[-94.400594,33.556797],[-94.356519,33.542981],[-94.338498,33.567271],[-94.3093,33.55175],[-94.282741,33.581281],[-94.274241,33.558759],[-94.195447,33.555162],[-94.184411,33.594386],[-94.130831,33.552047],[-94.073043,33.572195],[-94.043313,33.551584],[-94.043015,33.019262],[-93.000017,33.017617],[-92.044963,33.007751],[-91.512107,33.006794],[-91.166095,33.004291]]]}},{"type":"Feature","id":"MS","properties":{"name":"Mississippi","abbreviation":"MS","stateFips":"28","geoid":"28"},"geometry":{"type":"Polygon","coordinates":[[[-88.384431,30.158543],[-88.425432,30.998323],[-88.464908,31.705476],[-88.473227,31.893856],[-88.392176,32.548377],[-88.315235,33.203322],[-88.252254,33.719586],[-88.210741,34.0292],[-88.135204,34.615878],[-88.097888,34.892202],[-88.152413,34.919741],[-88.200064,34.995634],[-88.464063,34.996098],[-89.486693,34.993978],[-90.308361,34.995694],[-90.243757,34.94527],[-90.257858,34.893385],[-90.317741,34.871058],[-90.389393,34.830665],[-90.438729,34.825248],[-90.42931,34.868752],[-90.480323,34.882356],[-90.455379,34.820785],[-90.476584,34.794004],[-90.448423,34.739117],[-90.474999,34.723888],[-90.524166,34.731388],[-90.492777,34.772499],[-90.521111,34.801944],[-90.547778,34.783333],[-90.539444,34.755277],[-90.571944,34.712777],[-90.533333,34.696388],[-90.474166,34.705277],[-90.468237,34.670806],[-90.517548,34.630759],[-90.554885,34.645168],[-90.540087,34.676432],[-90.570102,34.693432],[-90.591784,34.623794],[-90.540493,34.557871],[-90.59392,34.484176],[-90.577894,34.433255],[-90.586232,34.409172],[-90.640355,34.389],[-90.666853,34.355773],[-90.657488,34.322231],[-90.693129,34.32257],[-90.676859,34.371381],[-90.757304,34.367392],[-90.76513,34.342511],[-90.735873,34.310687],[-90.760423,34.270733],[-90.833629,34.274074],[-90.847149,34.20613],[-90.906334,34.244382],[-90.934544,34.217854],[-90.886746,34.182501],[-90.817488,34.183198],[-90.807564,34.161821],[-90.836099,34.137876],[-90.909957,34.165511],[-90.958644,34.135484],[-90.921294,34.093514],[-90.871122,34.080249],[-90.890599,34.028508],[-90.988184,34.019211],[-90.966173,33.964663],[-90.999977,33.966386],[-91.018948,34.003225],[-91.088976,34.000061],[-91.084579,33.956363],[-91.010863,33.92731],[-91.072772,33.867294],[-91.049083,33.816026],[-91.000474,33.799483],[-91.005165,33.76703],[-91.1353,33.782001],[-91.148807,33.73136],[-91.125949,33.708948],[-91.068051,33.716198],[-91.030328,33.687716],[-91.079776,33.658036],[-91.128956,33.673631],[-91.160367,33.706602],[-91.223914,33.693739],[-91.211678,33.656791],[-91.139179,33.628472],[-91.132102,33.595908],[-91.178555,33.567305],[-91.228441,33.566938],[-91.21402,33.524698],[-91.18342,33.505062],[-91.235222,33.439022],[-91.169915,33.451898],[-91.161614,33.497478],[-91.131338,33.480927],[-91.132746,33.429622],[-91.199096,33.41828],[-91.208682,33.402723],[-91.169702,33.380351],[-91.120367,33.388866],[-91.096262,33.438493],[-91.070742,33.455851],[-91.063801,33.419276],[-91.140462,33.351352],[-91.14164,33.300066],[-91.098517,33.238694],[-91.085946,33.274103],[-91.047314,33.281932],[-91.05413,33.24599],[-91.10026,33.219428],[-91.081303,33.18428],[-91.086017,33.136281],[-91.14849,33.13026],[-91.183698,33.141744],[-91.200805,33.107765],[-91.12029,33.054922],[-91.166095,33.004291],[-91.201842,32.961212],[-91.212837,32.922103],[-91.163877,32.899476],[-91.131304,32.926918],[-91.135095,32.980108],[-91.086802,32.976266],[-91.064804,32.926464],[-91.070602,32.888658],[-91.143559,32.844738],[-91.161669,32.812465],[-91.165814,32.757841],[-91.060766,32.727494],[-91.063946,32.702925],[-91.152699,32.640757],[-91.125108,32.585186],[-91.049802,32.607185],[-91.025769,32.646572],[-91.003545,32.612271],[-91.080411,32.556468],[-90.987669,32.498481],[-91.000106,32.48229],[-91.049307,32.498539],[-91.093742,32.549127],[-91.116708,32.500138],[-91.093508,32.457441],[-91.027406,32.433942],[-90.977212,32.446005],[-90.965987,32.420654],[-90.99408,32.403861],[-91.004706,32.367244],[-90.986672,32.35176],[-90.912363,32.339454],[-90.875621,32.373526],[-90.916157,32.303582],[-90.947834,32.283486],[-90.976199,32.29645],[-90.969515,32.252053],[-90.999697,32.191103],[-91.002906,32.22305],[-91.046507,32.241149],[-91.16488,32.195743],[-91.162822,32.132694],[-91.053555,32.124412],[-91.058307,32.180951],[-91.002906,32.162052],[-91.038607,32.098253],[-91.080008,32.079154],[-91.098708,32.048355],[-91.139309,32.081753],[-91.16201,32.061855],[-91.093408,32.036855],[-91.075908,32.016827],[-91.106908,31.989357],[-91.16441,31.982557],[-91.18831,31.960958],[-91.18041,31.918559],[-91.265812,31.86486],[-91.245624,31.833165],[-91.283212,31.815762],[-91.294713,31.86046],[-91.338414,31.851261],[-91.365614,31.760763],[-91.28742,31.771964],[-91.279789,31.744751],[-91.369375,31.746903],[-91.397115,31.711364],[-91.400815,31.620465],[-91.463817,31.620365],[-91.497665,31.645371],[-91.517233,31.61346],[-91.486518,31.586566],[-91.422716,31.597065],[-91.407915,31.569366],[-91.443916,31.542466],[-91.511013,31.532607],[-91.513366,31.444396],[-91.472067,31.397076],[-91.472542,31.371069],[-91.504756,31.36498],[-91.532336,31.390275],[-91.537137,31.424161],[-91.565179,31.423447],[-91.568953,31.377629],[-91.546384,31.382763],[-91.548213,31.346084],[-91.510049,31.316822],[-91.518578,31.275283],[-91.558684,31.262176],[-91.641253,31.266917],[-91.644356,31.234414],[-91.595029,31.201969],[-91.589046,31.178586],[-91.625199,31.115963],[-91.56415,31.06683],[-91.564397,31.038965],[-91.636942,30.999416],[-90.7335,30.999218],[-89.752642,31.001853],[-89.727086,30.969707],[-89.755948,30.944119],[-89.745161,30.922416],[-89.773553,30.896862],[-89.782256,30.831261],[-89.835234,30.769316],[-89.816976,30.73758],[-89.842525,30.719942],[-89.850387,30.660575],[-89.820068,30.632808],[-89.822502,30.604913],[-89.767486,30.513036],[-89.683631,30.451787],[-89.684173,30.408685],[-89.661003,30.363994],[-89.630065,30.339685],[-89.639816,30.30731],[-89.616828,30.225772],[-89.571907,30.180721],[-89.538635,30.19589],[-89.494973,30.16075],[-89.416711,30.177639],[-89.260977,30.181998],[-89.183669,30.212155],[-89.096476,30.165829],[-88.88903,30.139845],[-88.90033,30.16998],[-88.821387,30.21737],[-88.753899,30.188205],[-88.717386,30.190875],[-88.603881,30.170609],[-88.545855,30.176653],[-88.461283,30.146686],[-88.384431,30.158543]]]}},{"type":"Feature","id":"MO","properties":{"name":"Missouri","abbreviation":"MO","stateFips":"29","geoid":"29"},"geometry":{"type":"Polygon","coordinates":[[[-91.419422,40.378264],[-91.463895,40.375659],[-91.524612,40.410765],[-91.526155,40.458625],[-91.567723,40.462284],[-91.616948,40.504794],[-91.625161,40.5435],[-91.681714,40.553035],[-91.685381,40.578892],[-91.729115,40.61364],[-92.096611,40.601831],[-92.659409,40.590341],[-93.0135,40.586297],[-93.260429,40.580814],[-93.547578,40.580407],[-94.07214,40.573026],[-94.489109,40.570706],[-95.765645,40.585208],[-95.75711,40.52599],[-95.697202,40.528475],[-95.671776,40.562628],[-95.661681,40.517312],[-95.699969,40.505275],[-95.693133,40.469396],[-95.659734,40.444484],[-95.66144,40.415917],[-95.627648,40.332412],[-95.656612,40.319465],[-95.553292,40.291158],[-95.552473,40.261904],[-95.478694,40.243661],[-95.47792,40.183844],[-95.431351,40.139163],[-95.396549,40.124701],[-95.419999,40.05044],[-95.391527,40.027058],[-95.346573,40.028272],[-95.30829,39.999998],[-95.250254,39.948644],[-95.205266,39.93975],[-95.203477,39.905654],[-95.146055,39.904183],[-95.139679,39.880592],[-95.085003,39.861883],[-95.035246,39.865921],[-95.015135,39.899643],[-94.955178,39.901288],[-94.927897,39.886112],[-94.939854,39.852044],[-94.891481,39.834644],[-94.876244,39.807394],[-94.934644,39.773144],[-94.905444,39.759514],[-94.869655,39.772899],[-94.859035,39.754116],[-94.902612,39.724202],[-94.947541,39.745337],[-94.971334,39.725706],[-94.969333,39.69073],[-95.01531,39.674262],[-95.049518,39.637876],[-95.056897,39.580567],[-95.107474,39.573743],[-95.108065,39.539919],[-95.050552,39.497514],[-95.033408,39.460876],[-94.990172,39.446192],[-94.942039,39.389499],[-94.888972,39.392432],[-94.910321,39.351295],[-94.898516,39.29845],[-94.827479,39.249896],[-94.831679,39.215938],[-94.782951,39.207162],[-94.752803,39.173493],[-94.688788,39.183228],[-94.650647,39.154092],[-94.588658,39.151163],[-94.607153,39.10559],[-94.608172,38.811095],[-94.613346,38.458701],[-94.612503,38.220379],[-94.617669,37.776193],[-94.616724,37.500123],[-94.617964,36.998905],[-94.617859,36.499431],[-93.544892,36.49931],[-93.137471,36.497853],[-91.539505,36.499236],[-91.422068,36.497138],[-90.807408,36.498834],[-90.152307,36.497982],[-90.13417,36.454152],[-90.135975,36.413334],[-90.082044,36.401237],[-90.063224,36.377551],[-90.082381,36.321979],[-90.064193,36.302502],[-90.083795,36.271938],[-90.115118,36.265205],[-90.13241,36.226432],[-90.219965,36.184727],[-90.235445,36.139395],[-90.292928,36.114499],[-90.3779,35.995745],[-89.733056,36.000809],[-89.706932,36.000981],[-89.680029,36.082494],[-89.59307,36.129699],[-89.607004,36.171179],[-89.70525,36.236568],[-89.695235,36.252766],[-89.611145,36.239271],[-89.534676,36.252771],[-89.536441,36.272827],[-89.611819,36.309088],[-89.610689,36.340442],[-89.531822,36.339246],[-89.509722,36.373626],[-89.542337,36.420103],[-89.520642,36.478668],[-89.539232,36.497934],[-89.570726,36.557656],[-89.530638,36.58171],[-89.47993,36.569087],[-89.466646,36.527041],[-89.485427,36.497491],[-89.494119,36.476268],[-89.453514,36.461789],[-89.417275,36.499011],[-89.365797,36.625126],[-89.332034,36.632881],[-89.256538,36.564961],[-89.227046,36.569537],[-89.197753,36.628971],[-89.159118,36.666354],[-89.200647,36.718751],[-89.169785,36.759641],[-89.125967,36.751809],[-89.116983,36.775595],[-89.178223,36.808614],[-89.170443,36.84184],[-89.138109,36.847323],[-89.098968,36.956067],[-89.132915,36.982057],[-89.192097,36.979995],[-89.203408,37.018856],[-89.259935,37.06407],[-89.307726,37.069654],[-89.301368,37.044982],[-89.257608,37.015496],[-89.29213,36.992189],[-89.376632,37.038482],[-89.37871,37.094586],[-89.42558,37.138235],[-89.461862,37.199517],[-89.457832,37.242594],[-89.489915,37.251315],[-89.518469,37.286256],[-89.491194,37.331361],[-89.43604,37.344441],[-89.420939,37.393952],[-89.439769,37.4372],[-89.471201,37.466473],[-89.516447,37.535558],[-89.519808,37.582747],[-89.478399,37.598869],[-89.517718,37.641217],[-89.512009,37.685525],[-89.583316,37.713261],[-89.618067,37.74982],[-89.667868,37.760257],[-89.66038,37.786296],[-89.739875,37.846921],[-89.797542,37.862128],[-89.799329,37.881516],[-89.844786,37.905572],[-89.905631,37.869393],[-89.953359,37.884614],[-89.974186,37.919509],[-89.931267,37.948277],[-89.940687,37.970874],[-89.988108,37.961749],[-90.065045,38.016875],[-90.092838,38.01726],[-90.130788,38.062341],[-90.17222,38.069636],[-90.242574,38.112125],[-90.274843,38.157559],[-90.334172,38.189857],[-90.358628,38.221981],[-90.370819,38.333554],[-90.341446,38.388298],[-90.289901,38.433136],[-90.264056,38.521025],[-90.191803,38.59898],[-90.182602,38.665379],[-90.212002,38.711779],[-90.166364,38.772675],[-90.123107,38.798048],[-90.113327,38.849306],[-90.250248,38.919344],[-90.309454,38.92412],[-90.392721,38.959071],[-90.450813,38.967769],[-90.546831,38.874009],[-90.577576,38.868384],[-90.623356,38.887149],[-90.663018,38.926283],[-90.679027,38.993867],[-90.712541,39.057064],[-90.682744,39.088348],[-90.709146,39.155111],[-90.726981,39.251173],[-90.8475,39.345272],[-91.03827,39.448435],[-91.100911,39.539001],[-91.148275,39.545798],[-91.185921,39.605119],[-91.223328,39.617603],[-91.27614,39.665759],[-91.367753,39.729029],[-91.363444,39.792804],[-91.433798,39.841865],[-91.447844,39.877951],[-91.420878,39.914865],[-91.494878,40.036453],[-91.489606,40.057435],[-91.510839,40.126137],[-91.506501,40.236304],[-91.46214,40.342414],[-91.419422,40.378264]]]}},{"type":"Feature","id":"MT","properties":{"name":"Montana","abbreviation":"MT","stateFips":"30","geoid":"30"},"geometry":{"type":"Polygon","coordinates":[[[-104.048692,48.999899],[-104.685008,48.999011],[-105.703413,48.999814],[-106.229423,48.999365],[-107.361516,49.000108],[-108.835494,48.999244],[-109.420623,49.00043],[-110.721256,48.998639],[-111.575693,48.996676],[-112.02363,48.998659],[-112.990304,48.998619],[-113.694765,48.997503],[-114.361924,49.001109],[-115.055328,48.999626],[-116.049086,49.000846],[-116.049108,47.976842],[-116.030387,47.972619],[-115.983058,47.91629],[-115.901401,47.843097],[-115.852312,47.827857],[-115.847493,47.786485],[-115.823774,47.752611],[-115.797498,47.757334],[-115.773442,47.717568],[-115.722714,47.694855],[-115.736379,47.655166],[-115.694444,47.623761],[-115.687758,47.5953],[-115.754514,47.552454],[-115.71131,47.523108],[-115.686264,47.48494],[-115.629488,47.47961],[-115.640163,47.459687],[-115.746619,47.442311],[-115.675245,47.409393],[-115.642921,47.377367],[-115.617247,47.38252],[-115.548841,47.346958],[-115.528509,47.299244],[-115.411585,47.264369],[-115.340849,47.26285],[-115.262871,47.181755],[-115.243106,47.150729],[-115.143964,47.101754],[-115.139296,47.079247],[-115.087426,47.045716],[-115.047857,46.969532],[-115.001274,46.971901],[-114.960964,46.930408],[-114.926248,46.919469],[-114.920731,46.827083],[-114.895516,46.801965],[-114.865779,46.814529],[-114.830671,46.783605],[-114.76509,46.75815],[-114.788451,46.714059],[-114.752198,46.697142],[-114.699132,46.740178],[-114.664572,46.739084],[-114.620787,46.707262],[-114.641443,46.679492],[-114.61311,46.63847],[-114.541704,46.649944],[-114.466834,46.631801],[-114.424178,46.660629],[-114.357919,46.668695],[-114.320705,46.64695],[-114.344197,46.589969],[-114.342985,46.51804],[-114.402355,46.500582],[-114.368786,46.436508],[-114.422447,46.387046],[-114.410162,46.365498],[-114.433434,46.305549],[-114.427616,46.283365],[-114.470795,46.265377],[-114.45209,46.241291],[-114.445234,46.167946],[-114.514692,46.167726],[-114.52123,46.125325],[-114.474454,46.113108],[-114.466988,46.065781],[-114.507315,46.031163],[-114.487771,46.004176],[-114.411755,45.97787],[-114.431396,45.93604],[-114.387868,45.883926],[-114.409654,45.851573],[-114.437715,45.862608],[-114.509644,45.845357],[-114.566348,45.772739],[-114.54785,45.743264],[-114.504182,45.721814],[-114.499667,45.668513],[-114.560665,45.640242],[-114.538053,45.606143],[-114.565491,45.562601],[-114.526117,45.570783],[-114.463912,45.545029],[-114.423415,45.509299],[-114.36823,45.492366],[-114.344184,45.459683],[-114.269892,45.484552],[-114.248358,45.545107],[-114.194691,45.536154],[-114.136182,45.557019],[-114.121262,45.584592],[-114.013704,45.658292],[-114.019168,45.692631],[-113.988214,45.705928],[-113.939105,45.69578],[-113.895278,45.643847],[-113.904691,45.622007],[-113.862118,45.623799],[-113.806431,45.60163],[-113.796821,45.581533],[-113.834778,45.520657],[-113.766013,45.520526],[-113.759932,45.480642],[-113.784224,45.45501],[-113.759733,45.42711],[-113.773753,45.406359],[-113.734402,45.392353],[-113.738729,45.329741],[-113.678962,45.275889],[-113.692937,45.264197],[-113.589449,45.177301],[-113.576725,45.131237],[-113.512824,45.116852],[-113.52275,45.09201],[-113.449336,45.046515],[-113.443877,44.960014],[-113.496225,44.947675],[-113.455071,44.865424],[-113.422244,44.83781],[-113.357242,44.820651],[-113.340471,44.784682],[-113.247192,44.822954],[-113.194359,44.80215],[-113.101618,44.729465],[-113.067978,44.679015],[-113.057452,44.618341],[-113.088292,44.599663],[-113.03955,44.567302],[-113.047765,44.548283],[-113.006788,44.526208],[-113.026824,44.495512],[-113.001978,44.449857],[-112.901649,44.398849],[-112.844565,44.357969],[-112.812302,44.377024],[-112.839706,44.424021],[-112.780494,44.484724],[-112.71793,44.504273],[-112.660867,44.485952],[-112.549541,44.484696],[-112.500389,44.462773],[-112.473419,44.479359],[-112.386524,44.447308],[-112.356688,44.492621],[-112.35181,44.537877],[-112.319494,44.538904],[-112.288673,44.56791],[-112.229225,44.564089],[-112.183657,44.532953],[-112.136672,44.53986],[-112.096484,44.522992],[-112.032707,44.546642],[-111.975369,44.536145],[-111.947782,44.557013],[-111.866447,44.5631],[-111.82153,44.508941],[-111.76288,44.52578],[-111.704152,44.559648],[-111.614345,44.548671],[-111.584981,44.562364],[-111.514547,44.536567],[-111.468082,44.540048],[-111.507408,44.562079],[-111.52561,44.60474],[-111.468514,44.678733],[-111.488784,44.705643],[-111.431733,44.720694],[-111.414273,44.710739],[-111.392969,44.75231],[-111.324378,44.729548],[-111.296879,44.691444],[-111.219319,44.622521],[-111.240889,44.614525],[-111.227631,44.576687],[-111.131382,44.532429],[-111.130659,44.500131],[-111.052434,44.478411],[-111.054556,45.000955],[-110.790119,45.000883],[-110.704476,44.992174],[-110.445743,44.993682],[-110.407116,44.999496],[-110.183221,44.996953],[-110.105776,45.003533],[-109.78609,45.001795],[-109.103228,45.005815],[-109.083095,44.999551],[-107.613219,45.000618],[-107.127418,44.999837],[-107.084886,44.9966],[-106.126207,44.993268],[-105.928174,44.993487],[-105.913149,45.000238],[-104.889161,45.000026],[-104.057879,44.997605],[-104.039694,44.99807],[-104.040813,45.462611],[-104.045547,45.945308],[-104.045977,46.87453],[-104.044853,47.406722],[-104.041443,47.863054],[-104.044044,47.996082],[-104.047549,48.498789],[-104.048692,48.999899]]]}},{"type":"Feature","id":"KS","properties":{"name":"Kansas","abbreviation":"KS","stateFips":"20","geoid":"20"},"geometry":{"type":"Polygon","coordinates":[[[-94.617964,36.998905],[-94.616724,37.500123],[-94.617669,37.776193],[-94.612503,38.220379],[-94.613346,38.458701],[-94.608172,38.811095],[-94.607153,39.10559],[-94.588658,39.151163],[-94.650647,39.154092],[-94.688788,39.183228],[-94.752803,39.173493],[-94.782951,39.207162],[-94.831679,39.215938],[-94.827479,39.249896],[-94.898516,39.29845],[-94.910321,39.351295],[-94.888972,39.392432],[-94.942039,39.389499],[-94.990172,39.446192],[-95.033408,39.460876],[-95.050552,39.497514],[-95.108065,39.539919],[-95.107474,39.573743],[-95.056897,39.580567],[-95.049518,39.637876],[-95.01531,39.674262],[-94.969333,39.69073],[-94.971334,39.725706],[-94.947541,39.745337],[-94.902612,39.724202],[-94.859035,39.754116],[-94.869655,39.772899],[-94.905444,39.759514],[-94.934644,39.773144],[-94.876244,39.807394],[-94.891481,39.834644],[-94.939854,39.852044],[-94.927897,39.886112],[-94.955178,39.901288],[-95.015135,39.899643],[-95.035246,39.865921],[-95.085003,39.861883],[-95.139679,39.880592],[-95.146055,39.904183],[-95.203477,39.905654],[-95.205266,39.93975],[-95.250254,39.948644],[-95.30829,39.999998],[-97.125311,40.001938],[-98.575218,40.00248],[-99.813433,40.001362],[-102.051744,40.003078],[-102.049052,39.373991],[-102.045351,38.856897],[-102.044515,37.984575],[-102.041626,37.696699],[-102.042089,36.993016],[-100.307346,37.001813],[-99.875409,37.001659],[-99.558004,36.999529],[-98.797019,36.999459],[-98.300465,36.997684],[-97.945623,36.998607],[-96.73659,36.999286],[-94.961591,36.999464],[-94.617964,36.998905]]]}},{"type":"Feature","id":"IN","properties":{"name":"Indiana","abbreviation":"IN","stateFips":"18","geoid":"18"},"geometry":{"type":"Polygon","coordinates":[[[-88.02802,37.799197],[-87.959065,37.772803],[-87.906939,37.807593],[-87.909967,37.843028],[-87.94006,37.887599],[-87.908586,37.921691],[-87.87513,37.922865],[-87.838425,37.879907],[-87.794177,37.875356],[-87.759239,37.891662],[-87.66684,37.895763],[-87.681684,37.856273],[-87.670344,37.827962],[-87.615345,37.831882],[-87.587141,37.884858],[-87.624597,37.930278],[-87.601391,37.971306],[-87.575046,37.965909],[-87.556045,37.928168],[-87.50972,37.906028],[-87.449131,37.941854],[-87.386179,37.937804],[-87.220466,37.849065],[-87.161096,37.839359],[-87.128813,37.785581],[-87.069675,37.801513],[-87.046386,37.88984],[-87.012373,37.918708],[-86.920658,37.936214],[-86.860914,37.984368],[-86.795045,37.989279],[-86.733403,37.895373],[-86.650426,37.910861],[-86.662481,37.857084],[-86.638279,37.84269],[-86.597857,37.867728],[-86.586481,37.922267],[-86.510246,37.92666],[-86.524937,37.966495],[-86.525138,38.028734],[-86.433923,38.065705],[-86.46468,38.117375],[-86.432738,38.126429],[-86.401879,38.104329],[-86.375083,38.130638],[-86.33615,38.128343],[-86.325874,38.154029],[-86.376511,38.169397],[-86.348553,38.195685],[-86.295085,38.163754],[-86.270256,38.13225],[-86.267805,38.057148],[-86.17893,38.01081],[-86.123507,38.016157],[-86.077227,37.998637],[-86.051105,37.961255],[-86.032249,37.99036],[-85.942699,38.006816],[-85.923428,38.025247],[-85.905052,38.089957],[-85.903584,38.173928],[-85.839097,38.239822],[-85.829065,38.276554],[-85.786904,38.288533],[-85.737997,38.269098],[-85.655517,38.323722],[-85.618751,38.425733],[-85.585518,38.450246],[-85.498094,38.468802],[-85.467191,38.510023],[-85.415555,38.544969],[-85.435901,38.598874],[-85.450329,38.711667],[-85.408365,38.737144],[-85.371099,38.730366],[-85.301987,38.741961],[-85.246455,38.731746],[-85.213053,38.695453],[-85.17339,38.687996],[-84.991924,38.778284],[-84.93402,38.777281],[-84.887742,38.794793],[-84.811599,38.79196],[-84.830045,38.83014],[-84.786613,38.882416],[-84.861874,38.897752],[-84.877934,38.920149],[-84.833604,38.959535],[-84.838579,38.989902],[-84.897314,39.057482],[-84.820155,39.105419],[-84.815754,39.478652],[-84.814187,39.813687],[-84.804159,40.275046],[-84.802226,40.794176],[-84.803888,41.408624],[-84.805972,41.696118],[-84.805885,41.760171],[-85.87178,41.759248],[-86.108465,41.760697],[-86.591616,41.759487],[-87.207774,41.760956],[-87.523661,41.759907],[-87.526675,41.32691],[-87.526168,40.505761],[-87.53153,40.142775],[-87.533269,39.875036],[-87.531646,39.347888],[-87.578331,39.340343],[-87.618964,39.301691],[-87.604947,39.260212],[-87.580652,39.255237],[-87.577029,39.211123],[-87.658745,39.135997],[-87.620258,39.086572],[-87.572588,39.057286],[-87.573466,38.985441],[-87.513346,38.956],[-87.518008,38.902705],[-87.544089,38.895093],[-87.552028,38.860318],[-87.525893,38.848795],[-87.527407,38.818766],[-87.495905,38.785434],[-87.51961,38.697198],[-87.597247,38.665314],[-87.650141,38.557735],[-87.670071,38.545237],[-87.645371,38.513835],[-87.714047,38.47988],[-87.744644,38.477266],[-87.73082,38.449228],[-87.743772,38.413115],[-87.806075,38.363143],[-87.85113,38.27512],[-87.878303,38.307849],[-87.906841,38.269634],[-87.924973,38.298659],[-87.960225,38.237118],[-87.981868,38.256444],[-87.982763,38.206705],[-87.911034,38.162194],[-87.944825,38.127272],[-88.013118,38.103527],[-88.004697,38.083965],[-87.960677,38.100191],[-87.967226,38.067105],[-88.042132,38.046345],[-88.017631,38.034745],[-88.012574,37.977062],[-88.037013,37.956276],[-88.013355,37.894854],[-88.094956,37.893689],[-88.043831,37.821525],[-88.090039,37.816771],[-88.02802,37.799197]]]}},{"type":"Feature","id":"SD","properties":{"name":"South Dakota","abbreviation":"SD","stateFips":"46","geoid":"46"},"geometry":{"type":"Polygon","coordinates":[[[-96.563672,45.935245],[-97.430883,45.935994],[-97.482542,45.935091],[-98.414318,45.936493],[-99.047262,45.939919],[-99.760635,45.940811],[-100.721831,45.944021],[-102.642202,45.945211],[-104.045547,45.945308],[-104.040813,45.462611],[-104.039694,44.99807],[-104.057879,44.997605],[-104.055913,44.874986],[-104.055487,43.853476],[-104.053028,43.000585],[-103.08428,43.000784],[-101.862762,42.999374],[-101.712026,42.996527],[-100.61395,42.9982],[-100.51558,42.999332],[-99.635934,42.997834],[-98.49855,42.998559],[-98.467356,42.947556],[-98.258276,42.87439],[-98.129223,42.821056],[-98.013072,42.762219],[-97.947189,42.770709],[-97.888647,42.817177],[-97.875531,42.858656],[-97.831393,42.86896],[-97.774381,42.84974],[-97.686477,42.842212],[-97.603762,42.858329],[-97.561928,42.847552],[-97.504847,42.858477],[-97.439114,42.84711],[-97.417066,42.865918],[-97.361784,42.855123],[-97.306677,42.867604],[-97.218046,42.845113],[-97.212659,42.812069],[-97.150763,42.795566],[-97.130257,42.771541],[-96.97912,42.76009],[-96.963531,42.720643],[-96.907922,42.733857],[-96.806213,42.704154],[-96.802177,42.672235],[-96.728027,42.66688],[-96.689079,42.644078],[-96.710998,42.608129],[-96.63803,42.551959],[-96.60347,42.50446],[-96.557776,42.52038],[-96.501319,42.482749],[-96.445483,42.49063],[-96.476369,42.490043],[-96.49357,42.515626],[-96.47696,42.555972],[-96.537976,42.655976],[-96.609436,42.702421],[-96.638749,42.737501],[-96.636493,42.76486],[-96.605008,42.783009],[-96.574424,42.837978],[-96.544831,42.850193],[-96.536409,42.923106],[-96.498982,42.957769],[-96.52082,42.979923],[-96.491981,43.010197],[-96.510851,43.04977],[-96.460742,43.064337],[-96.436567,43.119818],[-96.469556,43.158353],[-96.476729,43.221987],[-96.521415,43.218501],[-96.571414,43.239078],[-96.549534,43.248372],[-96.586525,43.273715],[-96.574542,43.299064],[-96.530691,43.299713],[-96.525242,43.396072],[-96.545595,43.397436],[-96.602547,43.449249],[-96.582402,43.466739],[-96.599191,43.500456],[-96.45326,43.50039],[-96.453404,44.025431],[-96.45144,44.806361],[-96.453097,45.300751],[-96.489065,45.357071],[-96.619752,45.408884],[-96.680454,45.410499],[-96.731396,45.45702],[-96.763432,45.520007],[-96.856834,45.605378],[-96.838648,45.647509],[-96.75035,45.698782],[-96.672665,45.732336],[-96.583085,45.820024],[-96.563672,45.935245]]]}},{"type":"Feature","id":"MA","properties":{"name":"Massachusetts","abbreviation":"MA","stateFips":"25","geoid":"25"},"geometry":{"type":"Polygon","coordinates":[[[-70.735005,42.874685],[-70.820238,42.871787],[-70.847718,42.860867],[-70.885602,42.882834],[-70.929594,42.885032],[-71.031201,42.859087],[-71.064416,42.806275],[-71.132805,42.821476],[-71.18614,42.790935],[-71.181786,42.737341],[-71.245426,42.742546],[-71.294637,42.697042],[-71.696505,42.705722],[-72.458412,42.726933],[-72.809113,42.736581],[-73.264827,42.745851],[-73.50821,42.086134],[-73.487319,42.049525],[-73.428515,42.050476],[-73.036802,42.039294],[-72.813784,42.036744],[-72.817053,41.997685],[-72.766733,42.003266],[-72.755894,42.036349],[-72.607978,42.031083],[-72.531549,42.034578],[-72.143151,42.030522],[-71.800671,42.023514],[-71.799188,42.008053],[-71.381401,42.018798],[-71.381463,41.893546],[-71.338787,41.898593],[-71.347545,41.823246],[-71.328472,41.780694],[-71.261067,41.752082],[-71.195479,41.67509],[-71.132557,41.660363],[-71.121116,41.492787],[-71.088571,41.431315],[-71.033604,41.414085],[-71.026103,41.371693],[-70.990748,41.351289],[-70.896017,41.370148],[-70.897722,41.327411],[-70.870027,41.297068],[-70.893595,41.267994],[-70.877327,41.224144],[-70.80595,41.198742],[-70.744307,41.22603],[-70.703106,41.28904],[-70.606672,41.29941],[-70.512199,41.298313],[-70.459851,41.265253],[-70.408733,41.277294],[-70.344083,41.276146],[-70.285736,41.242346],[-70.178851,41.204531],[-70.109684,41.189803],[-69.973182,41.193545],[-69.910319,41.226849],[-69.892209,41.271323],[-69.910093,41.317263],[-69.974592,41.408922],[-70.006467,41.433898],[-70.065174,41.442687],[-70.094412,41.43081],[-70.11644,41.386165],[-70.097844,41.353584],[-70.148699,41.345216],[-70.215115,41.360275],[-70.238142,41.386205],[-70.323593,41.391607],[-70.383449,41.369933],[-70.385874,41.433721],[-70.436449,41.468919],[-70.489689,41.462977],[-70.508603,41.498965],[-70.466436,41.50616],[-70.395164,41.556722],[-70.311254,41.571062],[-70.267429,41.558373],[-70.160357,41.59937],[-70.077934,41.612528],[-70.063352,41.590173],[-70.126792,41.530878],[-70.114394,41.484083],[-70.040313,41.46596],[-69.96743,41.500116],[-69.928994,41.532152],[-69.915399,41.589243],[-69.862876,41.673153],[-69.866525,41.817011],[-69.909178,41.942062],[-69.929109,41.978476],[-70.011591,42.073378],[-70.067098,42.105327],[-70.172542,42.134515],[-70.27743,42.114345],[-70.608381,42.138479],[-70.642946,42.178185],[-70.640113,42.228372],[-70.684061,42.253836],[-70.690393,42.278999],[-70.60629,42.53122],[-70.545374,42.570119],[-70.502143,42.624579],[-70.513934,42.680594],[-70.549306,42.724164],[-70.625943,42.739724],[-70.70258,42.724162],[-70.737225,42.787956],[-70.74883,42.858831],[-70.735005,42.874685]]]}},{"type":"Feature","id":"VA","properties":{"name":"Virginia","abbreviation":"VA","stateFips":"51","geoid":"51"},"geometry":{"type":"Polygon","coordinates":[[[-81.67749,36.588137],[-81.362142,36.574489],[-81.307437,36.574961],[-80.837544,36.559168],[-80.729953,36.562349],[-80.29478,36.544053],[-79.543387,36.540856],[-78.933537,36.54219],[-78.510897,36.541049],[-78.249717,36.544485],[-77.749319,36.545452],[-76.915977,36.543884],[-76.915899,36.552149],[-76.748954,36.550748],[-75.797497,36.550916],[-75.819825,36.625153],[-75.874647,36.744305],[-75.926847,36.936462],[-75.889676,37.054515],[-75.781587,37.137116],[-75.744639,37.182349],[-75.715515,37.275687],[-75.644386,37.34227],[-75.643456,37.372864],[-75.604026,37.422024],[-75.595642,37.465584],[-75.528423,37.561308],[-75.541779,37.606145],[-75.515962,37.671538],[-75.460933,37.771356],[-75.417073,37.82105],[-75.337979,37.815232],[-75.296004,37.845752],[-75.238073,37.93539],[-75.166435,38.027834],[-75.249609,38.026715],[-75.624449,37.994195],[-75.647606,37.947025],[-75.691321,37.955496],[-75.761642,37.941366],[-75.80124,37.912174],[-75.952672,37.906827],[-75.943693,37.946133],[-76.052021,37.953578],[-76.233415,37.887638],[-76.338617,37.945286],[-76.412934,37.966332],[-76.465008,38.01322],[-76.516609,38.026783],[-76.535402,38.073626],[-76.596128,38.106892],[-76.610384,38.148516],[-76.87849,38.173764],[-76.94902,38.208418],[-76.962035,38.256893],[-77.030683,38.311622],[-77.011506,38.374561],[-77.041505,38.400692],[-77.086678,38.367928],[-77.137734,38.368023],[-77.163219,38.345823],[-77.235208,38.332536],[-77.283796,38.342855],[-77.32291,38.432625],[-77.318542,38.474437],[-77.256521,38.560493],[-77.246362,38.593441],[-77.203696,38.618172],[-77.129682,38.634704],[-77.122632,38.685256],[-77.043338,38.718468],[-77.039006,38.791645],[-77.032843,38.855027],[-77.067742,38.899535],[-77.119759,38.934343],[-77.145081,38.963146],[-77.245067,38.982782],[-77.245093,39.022146],[-77.340144,39.062909],[-77.460602,39.074843],[-77.481015,39.105689],[-77.518447,39.119782],[-77.527322,39.146961],[-77.45771,39.224979],[-77.54084,39.265269],[-77.568753,39.306447],[-77.719519,39.321314],[-77.747587,39.294834],[-77.828299,39.132426],[-78.347087,39.466012],[-78.359918,39.409028],[-78.343214,39.388807],[-78.366867,39.35929],[-78.339284,39.348605],[-78.419422,39.257476],[-78.399669,39.243874],[-78.438695,39.198093],[-78.403697,39.167451],[-78.459869,39.113351],[-78.479597,39.109505],[-78.571901,39.031995],[-78.550467,39.018065],[-78.601655,38.964603],[-78.620453,38.982601],[-78.680456,38.925313],[-78.719914,38.906076],[-78.721052,38.932218],[-78.788031,38.885123],[-78.869261,38.76298],[-78.993761,38.850021],[-79.029253,38.791013],[-79.047349,38.79181],[-79.092955,38.702002],[-79.092655,38.660417],[-79.131056,38.653218],[-79.158257,38.593119],[-79.205859,38.524521],[-79.210591,38.492913],[-79.266329,38.43944],[-79.312276,38.411876],[-79.476638,38.457228],[-79.53687,38.550917],[-79.649075,38.591515],[-79.699473,38.474527],[-79.689667,38.431462],[-79.742771,38.353367],[-79.809934,38.304681],[-79.788945,38.268703],[-79.830713,38.249713],[-79.897335,38.193381],[-79.945187,38.131989],[-79.92633,38.107147],[-79.953511,38.08148],[-80.008888,37.99083],[-80.141522,37.882436],[-80.248389,37.76825],[-80.258143,37.720612],[-80.296077,37.69173],[-80.267504,37.646156],[-80.220984,37.627767],[-80.258919,37.595499],[-80.328504,37.564315],[-80.330368,37.536267],[-80.282391,37.533519],[-80.299789,37.508271],[-80.475601,37.422949],[-80.511391,37.481672],[-80.552036,37.473563],[-80.705203,37.394618],[-80.770082,37.372363],[-80.784188,37.394587],[-80.859457,37.429491],[-80.883247,37.383933],[-80.849451,37.346909],[-80.951018,37.29497],[-80.987319,37.301359],[-81.104147,37.280605],[-81.225104,37.234874],[-81.320105,37.299323],[-81.362156,37.337687],[-81.394287,37.316411],[-81.416663,37.273214],[-81.498038,37.258092],[-81.506865,37.234948],[-81.560631,37.206663],[-81.678221,37.20154],[-81.740124,37.237752],[-81.746039,37.263398],[-81.789294,37.284416],[-81.853553,37.287706],[-81.874864,37.328151],[-81.91765,37.349153],[-81.935872,37.378554],[-81.935621,37.438397],[-81.985527,37.454328],[-81.996578,37.476705],[-81.939989,37.512591],[-81.968012,37.538035],[-82.316234,37.294654],[-82.348726,37.268232],[-82.486509,37.231203],[-82.550087,37.204602],[-82.726688,37.114794],[-82.722433,37.044949],[-82.782863,37.007821],[-82.822253,37.004158],[-82.870982,36.968483],[-82.857644,36.92885],[-82.87908,36.889255],[-82.969243,36.858019],[-83.072836,36.854457],[-83.133231,36.784585],[-83.13512,36.742629],[-83.194252,36.739519],[-83.347635,36.700199],[-83.418682,36.668729],[-83.532404,36.664689],[-83.577607,36.64139],[-83.648086,36.622839],[-83.675395,36.600784],[-83.622068,36.597984],[-83.2763,36.598187],[-83.261099,36.593887],[-82.622603,36.593797],[-82.214198,36.595846],[-81.934144,36.594213],[-81.922644,36.616213],[-81.6469,36.611918],[-81.67749,36.588137]]]}},{"type":"Feature","id":"IA","properties":{"name":"Iowa","abbreviation":"IA","stateFips":"19","geoid":"19"},"geometry":{"type":"Polygon","coordinates":[[[-91.217706,43.50055],[-92.1719,43.50078],[-93.298874,43.499459],[-95.167595,43.501021],[-95.689309,43.499881],[-96.45326,43.50039],[-96.599191,43.500456],[-96.582402,43.466739],[-96.602547,43.449249],[-96.545595,43.397436],[-96.525242,43.396072],[-96.530691,43.299713],[-96.574542,43.299064],[-96.586525,43.273715],[-96.549534,43.248372],[-96.571414,43.239078],[-96.521415,43.218501],[-96.476729,43.221987],[-96.469556,43.158353],[-96.436567,43.119818],[-96.460742,43.064337],[-96.510851,43.04977],[-96.491981,43.010197],[-96.52082,42.979923],[-96.498982,42.957769],[-96.536409,42.923106],[-96.544831,42.850193],[-96.574424,42.837978],[-96.605008,42.783009],[-96.636493,42.76486],[-96.638749,42.737501],[-96.609436,42.702421],[-96.537976,42.655976],[-96.47696,42.555972],[-96.49357,42.515626],[-96.476369,42.490043],[-96.445483,42.49063],[-96.401962,42.48644],[-96.380705,42.446393],[-96.410307,42.412965],[-96.407998,42.337408],[-96.369969,42.310878],[-96.323723,42.229887],[-96.35987,42.210553],[-96.346688,42.164686],[-96.267486,42.10978],[-96.268063,42.041705],[-96.221901,42.029558],[-96.241372,41.999987],[-96.184711,42.004972],[-96.177204,41.976308],[-96.133203,41.974944],[-96.136613,41.927167],[-96.162067,41.903047],[-96.111252,41.850229],[-96.109746,41.823992],[-96.064897,41.791673],[-96.106185,41.739176],[-96.077712,41.700022],[-96.121048,41.677002],[-96.095534,41.645856],[-96.11364,41.601955],[-96.081188,41.574296],[-96.091908,41.534049],[-96.040613,41.506893],[-96.026657,41.540366],[-95.992777,41.514596],[-96.019543,41.491592],[-96.004047,41.472146],[-95.92451,41.458914],[-95.937694,41.39477],[-95.928774,41.37008],[-95.95713,41.349593],[-95.925185,41.321355],[-95.885554,41.318097],[-95.877481,41.284583],[-95.912581,41.279527],[-95.926117,41.211619],[-95.916119,41.185279],[-95.867624,41.188416],[-95.843443,41.169096],[-95.883307,41.152675],[-95.862427,41.089687],[-95.882225,41.063539],[-95.860862,41.038547],[-95.863492,40.99734],[-95.832055,40.98114],[-95.836438,40.921642],[-95.812083,40.884239],[-95.847785,40.864328],[-95.836903,40.776477],[-95.881529,40.750611],[-95.883178,40.717579],[-95.842801,40.677496],[-95.789485,40.659388],[-95.751271,40.609057],[-95.765645,40.585208],[-94.489109,40.570706],[-94.07214,40.573026],[-93.547578,40.580407],[-93.260429,40.580814],[-93.0135,40.586297],[-92.659409,40.590341],[-92.096611,40.601831],[-91.729115,40.61364],[-91.685381,40.578892],[-91.681714,40.553035],[-91.625161,40.5435],[-91.616948,40.504794],[-91.567723,40.462284],[-91.526155,40.458625],[-91.524612,40.410765],[-91.463895,40.375659],[-91.419422,40.378264],[-91.372921,40.399108],[-91.381045,40.44849],[-91.369059,40.512532],[-91.406202,40.542698],[-91.359873,40.601805],[-91.247851,40.63839],[-91.185295,40.637803],[-91.12082,40.672777],[-91.115735,40.725168],[-91.092476,40.776838],[-91.096946,40.811403],[-90.9985,40.90812],[-90.962916,40.924957],[-90.942253,41.034702],[-90.94626,41.09473],[-90.989662,41.155707],[-91.041875,41.166484],[-91.114186,41.250029],[-91.073553,41.310481],[-91.048259,41.409748],[-90.975168,41.433985],[-90.930691,41.421368],[-90.847458,41.455019],[-90.737537,41.450127],[-90.655839,41.462132],[-90.595237,41.511032],[-90.540935,41.526133],[-90.461432,41.523533],[-90.412825,41.565329],[-90.343228,41.587833],[-90.343452,41.646959],[-90.313052,41.699631],[-90.315549,41.734426],[-90.278633,41.767358],[-90.187969,41.803163],[-90.153584,41.906614],[-90.162141,41.961293],[-90.140061,42.003252],[-90.164485,42.042105],[-90.162895,42.116718],[-90.209479,42.15268],[-90.391108,42.225473],[-90.430884,42.27823],[-90.415937,42.322699],[-90.477941,42.384151],[-90.555018,42.416138],[-90.570736,42.441701],[-90.65112,42.475189],[-90.642843,42.508481],[-90.661527,42.567999],[-90.720209,42.640758],[-90.952415,42.686778],[-91.06468,42.750914],[-91.078665,42.827678],[-91.100565,42.883078],[-91.143491,42.904698],[-91.14655,42.963345],[-91.174692,43.038713],[-91.175253,43.134665],[-91.119115,43.200366],[-91.05791,43.253968],[-91.107237,43.313645],[-91.21477,43.365874],[-91.19767,43.395334],[-91.232241,43.460018],[-91.217706,43.50055]]]}},{"type":"Feature","id":"AZ","properties":{"name":"Arizona","abbreviation":"AZ","stateFips":"04","geoid":"04"},"geometry":{"type":"Polygon","coordinates":[[[-109.045172,36.998977],[-110.469733,36.997657],[-110.490299,37.003628],[-111.308602,37.001476],[-113.064954,37.000043],[-114.050052,37.000191],[-114.049935,36.709521],[-114.043135,36.380478],[-114.043944,36.19335],[-114.066798,36.179087],[-114.1534,36.02317],[-114.243865,36.015266],[-114.270862,36.045523],[-114.314427,36.060523],[-114.304171,36.07558],[-114.370181,36.142624],[-114.412491,36.146511],[-114.504715,36.127188],[-114.508104,36.149713],[-114.57109,36.151099],[-114.615455,36.129653],[-114.630474,36.142218],[-114.681847,36.109192],[-114.734085,36.104672],[-114.754508,36.086171],[-114.722096,36.028952],[-114.740536,35.975545],[-114.708112,35.909933],[-114.663214,35.873692],[-114.706076,35.845873],[-114.712026,35.805529],[-114.694267,35.756633],[-114.705447,35.711757],[-114.682657,35.688571],[-114.689001,35.65028],[-114.653927,35.611739],[-114.674881,35.578379],[-114.65677,35.534964],[-114.678892,35.501276],[-114.663541,35.447797],[-114.627325,35.410193],[-114.595163,35.321883],[-114.569529,35.162317],[-114.578263,35.12881],[-114.632282,35.117088],[-114.642831,35.096503],[-114.604182,35.073715],[-114.63819,35.022069],[-114.633487,35.001857],[-114.636768,34.885705],[-114.592339,34.841153],[-114.552682,34.766871],[-114.47162,34.712966],[-114.424202,34.610453],[-114.436363,34.596797],[-114.380838,34.529724],[-114.386699,34.457911],[-114.339627,34.451435],[-114.226107,34.365916],[-114.176909,34.349306],[-114.138282,34.30323],[-114.13545,34.257886],[-114.164476,34.251667],[-114.254141,34.17383],[-114.286724,34.170715],[-114.324576,34.136759],[-114.415908,34.107636],[-114.434181,34.087379],[-114.438266,34.022609],[-114.534146,33.925187],[-114.503887,33.865754],[-114.529883,33.857563],[-114.52805,33.814963],[-114.507089,33.76793],[-114.496489,33.696901],[-114.532123,33.669702],[-114.522071,33.611277],[-114.540617,33.591412],[-114.524215,33.553068],[-114.558023,33.532589],[-114.622918,33.456561],[-114.62964,33.428137],[-114.720065,33.407891],[-114.700938,33.337014],[-114.731223,33.302433],[-114.677032,33.270169],[-114.67935,33.162433],[-114.706488,33.08816],[-114.670803,33.037983],[-114.645979,33.048902],[-114.598093,33.025384],[-114.52013,33.029984],[-114.462929,32.907944],[-114.468971,32.845155],[-114.531669,32.791185],[-114.526856,32.757094],[-114.61567,32.728454],[-114.702223,32.74541],[-114.719497,32.718739],[-114.748195,32.66368],[-114.809437,32.615986],[-114.793352,32.552494],[-114.813692,32.494069],[-114.409719,32.372376],[-113.859174,32.20328],[-113.155326,31.982507],[-112.726812,31.852316],[-112.07593,31.650798],[-111.506263,31.470723],[-111.07498,31.332342],[-110.156498,31.334125],[-109.266862,31.333929],[-109.050033,31.332348],[-109.047988,32.341443],[-109.047006,34.00005],[-109.045957,34.682435],[-109.046196,36.07334],[-109.045172,36.998977]]]}}],"atlasSimplifiedFeatures":[{"type":"Feature","id":"WV","properties":{"name":"West Virginia","abbreviation":"WV","stateFips":"54","geoid":"54"},"geometry":{"type":"Polygon","coordinates":[[[-77.719519,39.321314],[-77.886918,39.55997],[-78.181871,39.695316],[-78.468923,39.516483],[-78.778275,39.622703],[-79.486875,39.205896],[-79.476662,39.721078],[-80.519342,39.721403],[-80.518991,40.638801],[-80.829723,39.714041],[-81.217315,39.38759],[-81.456143,39.409274],[-81.756282,39.176993],[-81.890899,38.873919],[-82.00599,39.029387],[-82.221566,38.787187],[-82.323999,38.449268],[-82.59348,38.421821],[-82.636989,38.138718],[-82.304068,37.678307],[-81.968012,37.538035],[-81.853553,37.287706],[-81.225104,37.234874],[-80.299789,37.508271],[-80.296077,37.69173],[-79.689667,38.431462],[-79.649075,38.591515],[-79.312276,38.411876],[-78.993761,38.850021],[-78.869261,38.76298],[-78.403697,39.167451],[-78.347087,39.466012],[-77.828299,39.132426],[-77.719519,39.321314]]]}},{"type":"Feature","id":"FL","properties":{"name":"Florida","abbreviation":"FL","stateFips":"12","geoid":"12"},"geometry":{"type":"MultiPolygon","coordinates":[[[[-82.868886,24.798089],[-82.999742,24.583917],[-82.656682,24.583709],[-82.868886,24.798089]]],[[[-87.518346,30.229506],[-87.51837,30.12553],[-86.64058,30.24631],[-86.0055,30.10606],[-85.58962,29.83756],[-85.43134,29.52507],[-84.89636,29.47121],[-84.06492,29.94008],[-83.7809,29.79004],[-83.21863,29.01692],[-82.94557,28.96375],[-82.83914,28.57458],[-83.00916,28.26807],[-82.92474,27.5321],[-82.43157,26.73615],[-82.30968,26.38214],[-82.00546,26.28443],[-81.8707,25.82948],[-81.51902,25.65694],[-81.17035,24.96214],[-81.48849,24.96635],[-82.3265,24.58373],[-81.946441,24.399348],[-81.047648,24.64024],[-80.453365,24.963698],[-80.09838,25.46309],[-79.975425,26.80025],[-80.543999,28.271092],[-80.522973,28.608238],[-80.906836,29.144706],[-81.205177,29.822433],[-81.347015,30.712444],[-81.964413,30.816684],[-82.037218,30.371848],[-82.214677,30.568556],[-84.864693,30.711542],[-85.002499,31.000685],[-87.598829,30.997455],[-87.406356,30.674437],[-87.518346,30.229506]]]]}},{"type":"Feature","id":"IL","properties":{"name":"Illinois","abbreviation":"IL","stateFips":"17","geoid":"17"},"geometry":{"type":"Polygon","coordinates":[[[-88.02802,37.799197],[-88.042132,38.046345],[-87.495905,38.785434],[-87.658745,39.135997],[-87.531646,39.347888],[-87.523661,41.759907],[-87.207774,41.760956],[-87.019935,42.493498],[-90.642843,42.508481],[-90.162895,42.116718],[-90.343228,41.587833],[-91.048259,41.409748],[-90.94626,41.09473],[-91.12082,40.672777],[-91.359873,40.601805],[-91.419422,40.378264],[-91.494878,40.036453],[-91.367753,39.729029],[-90.726981,39.251173],[-90.663018,38.926283],[-90.113327,38.849306],[-90.370819,38.333554],[-90.242574,38.112125],[-89.844786,37.905572],[-89.478399,37.598869],[-89.518469,37.286256],[-89.132915,36.982057],[-88.91618,37.223991],[-88.528983,37.066826],[-88.474645,37.390783],[-88.080892,37.473911],[-88.02802,37.799197]]]}},{"type":"Feature","id":"MN","properties":{"name":"Minnesota","abbreviation":"MN","stateFips":"27","geoid":"27"},"geometry":{"type":"Polygon","coordinates":[[[-89.483385,48.013716],[-89.871351,47.985853],[-90.132567,48.111671],[-90.761404,48.098384],[-90.885757,48.245953],[-91.56751,48.043789],[-91.715364,48.199504],[-92.984573,48.623819],[-93.793369,48.516311],[-93.848045,48.630753],[-94.587653,48.717578],[-94.825535,49.294354],[-95.153395,49.384479],[-95.153191,48.99887],[-97.228961,49.000454],[-97.091896,48.685982],[-97.146531,48.144055],[-96.849908,47.590754],[-96.796041,46.631209],[-96.59966,46.330481],[-96.563672,45.935245],[-96.856834,45.605378],[-96.453097,45.300751],[-96.45326,43.50039],[-91.217706,43.50055],[-91.244135,43.774667],[-91.440541,44.001518],[-91.875158,44.200575],[-91.928224,44.335473],[-92.808415,44.751604],[-92.762004,45.288213],[-92.646602,45.441635],[-92.883749,45.575483],[-92.639936,45.933541],[-92.294033,46.074377],[-92.292192,46.666042],[-92.020294,46.704041],[-90.65466,47.309822],[-89.957102,47.291103],[-89.483385,48.013716]]]}},{"type":"Feature","id":"MD","properties":{"name":"Maryland","abbreviation":"MD","stateFips":"24","geoid":"24"},"geometry":{"type":"Polygon","coordinates":[[[-74.986282,38.451632],[-75.69367,38.46008],[-75.788596,39.722199],[-79.476662,39.721078],[-79.486875,39.205896],[-78.778275,39.622703],[-78.468923,39.516483],[-78.181871,39.695316],[-77.886918,39.55997],[-77.719519,39.321314],[-77.119759,38.934343],[-76.909393,38.892852],[-77.039006,38.791645],[-77.318542,38.474437],[-77.011506,38.374561],[-76.87849,38.173764],[-76.610384,38.148516],[-76.233415,37.887638],[-75.166435,38.027834],[-74.986282,38.451632]]]}},{"type":"Feature","id":"RI","properties":{"name":"Rhode Island","abbreviation":"RI","stateFips":"44","geoid":"44"},"geometry":{"type":"MultiPolygon","coordinates":[[[[-71.557569,41.294018],[-71.668345,41.12825],[-71.476925,41.168157],[-71.557569,41.294018]]],[[[-71.088571,41.431315],[-71.381401,42.018798],[-71.799188,42.008053],[-71.797747,41.416834],[-71.907258,41.304483],[-71.790972,41.184101],[-71.79148,41.272165],[-71.088571,41.431315]]]]}},{"type":"Feature","id":"ID","properties":{"name":"Idaho","abbreviation":"ID","stateFips":"16","geoid":"16"},"geometry":{"type":"Polygon","coordinates":[[[-116.049086,49.000846],[-117.032345,48.999201],[-117.039766,46.425887],[-116.916071,45.995357],[-116.463504,45.615785],[-117.242675,44.396548],[-116.903607,44.179985],[-117.026634,43.80811],[-117.0262,42.000195],[-114.041477,41.993873],[-111.046714,42.001702],[-111.052434,44.478411],[-111.392969,44.75231],[-111.514547,44.536567],[-112.288673,44.56791],[-112.386524,44.447308],[-113.001978,44.449857],[-113.101618,44.729465],[-113.496225,44.947675],[-113.939105,45.69578],[-114.344184,45.459683],[-114.566348,45.772739],[-114.387868,45.883926],[-114.514692,46.167726],[-114.320705,46.64695],[-114.61311,46.63847],[-114.920731,46.827083],[-115.340849,47.26285],[-115.746619,47.442311],[-115.687758,47.5953],[-116.049108,47.976842],[-116.049086,49.000846]]]}},{"type":"Feature","id":"NH","properties":{"name":"New Hampshire","abbreviation":"NH","stateFips":"33","geoid":"33"},"geometry":{"type":"Polygon","coordinates":[[[-70.575094,42.917126],[-70.973461,43.349889],[-71.083928,45.305484],[-71.384137,45.233509],[-71.50108,45.013443],[-71.629919,44.753578],[-71.579741,44.501504],[-72.029002,44.322383],[-72.031627,44.07916],[-72.3738,43.579119],[-72.458412,42.726933],[-71.294637,42.697042],[-70.735005,42.874685],[-70.575094,42.917126]]]}},{"type":"Feature","id":"NC","properties":{"name":"North Carolina","abbreviation":"NC","stateFips":"37","geoid":"37"},"geometry":{"type":"Polygon","coordinates":[[[-75.797497,36.550916],[-80.29478,36.544053],[-81.67749,36.588137],[-82.033839,36.120475],[-82.213898,36.159041],[-82.558587,35.95389],[-82.63723,36.06582],[-82.995851,35.773085],[-83.498544,35.562888],[-83.770587,35.561743],[-84.290214,35.225432],[-84.321821,34.988408],[-83.108613,35.000659],[-82.41916,35.199414],[-81.034264,35.149257],[-80.797484,34.819803],[-79.676494,34.805065],[-78.499301,33.812852],[-77.917505,33.76382],[-77.785555,34.125171],[-77.516162,34.382443],[-76.818937,34.643253],[-76.491991,34.546532],[-76.02443,35.005364],[-75.4746,35.202029],[-75.40039,35.593512],[-75.797497,36.550916]]]}},{"type":"Feature","id":"VT","properties":{"name":"Vermont","abbreviation":"VT","stateFips":"50","geoid":"50"},"geometry":{"type":"Polygon","coordinates":[[[-72.458412,42.726933],[-72.3738,43.579119],[-72.031627,44.07916],[-72.029002,44.322383],[-71.579741,44.501504],[-71.629919,44.753578],[-71.50108,45.013443],[-73.343178,45.010713],[-73.310914,44.274298],[-73.437905,44.045125],[-73.248641,43.553858],[-73.264827,42.745851],[-72.458412,42.726933]]]}},{"type":"Feature","id":"CT","properties":{"name":"Connecticut","abbreviation":"CT","stateFips":"09","geoid":"09"},"geometry":{"type":"Polygon","coordinates":[[[-73.487319,42.049525],[-73.550962,41.295421],[-73.727775,41.100696],[-73.612885,40.950943],[-71.907258,41.304483],[-71.797747,41.416834],[-71.799188,42.008053],[-73.487319,42.049525]]]}},{"type":"Feature","id":"DE","properties":{"name":"Delaware","abbreviation":"DE","stateFips":"10","geoid":"10"},"geometry":{"type":"Polygon","coordinates":[[[-75.015123,38.788657],[-75.321021,39.251379],[-75.560538,39.455645],[-75.415062,39.801919],[-75.788596,39.722199],[-75.69367,38.46008],[-74.986282,38.451632],[-75.015123,38.788657]]]}},{"type":"Feature","id":"NM","properties":{"name":"New Mexico","abbreviation":"NM","stateFips":"35","geoid":"35"},"geometry":{"type":"Polygon","coordinates":[[[-106.52794,31.78389],[-106.618486,32.000495],[-103.06451,32.000424],[-103.043651,34.003639],[-103.041713,36.500439],[-103.002359,36.500551],[-103.002329,37.00015],[-109.045172,36.998977],[-109.050033,31.332348],[-108.20847,31.333373],[-108.208484,31.783698],[-106.52794,31.78389]]]}},{"type":"Feature","id":"CA","properties":{"name":"California","abbreviation":"CA","stateFips":"06","geoid":"06"},"geometry":{"type":"MultiPolygon","coordinates":[[[[-114.633487,35.001857],[-116.000655,36.083857],[-117.875927,37.497267],[-120.001014,38.999574],[-119.999234,41.994944],[-122.378049,42.009503],[-124.328835,41.998334],[-124.438909,41.824504],[-124.211706,41.681193],[-124.182694,41.001313],[-124.478625,40.422102],[-124.392777,40.209799],[-123.938591,39.814944],[-123.784676,38.893728],[-123.22022,38.441954],[-122.902284,37.977386],[-122.588174,37.789362],[-122.574963,37.499943],[-122.376086,37.065648],[-122.076399,36.910199],[-121.959053,36.287108],[-121.770693,36.162014],[-121.323512,35.624969],[-120.933292,35.392748],[-120.689606,35.098828],[-120.712757,34.568297],[-120.450998,34.391184],[-119.584795,34.36166],[-119.217993,34.062491],[-118.824893,33.949042],[-118.557356,33.987673],[-118.345415,33.663427],[-118.1259,33.697151],[-117.520999,33.268872],[-117.375872,33.075217],[-117.205051,32.529508],[-114.719497,32.718739],[-114.526856,32.757094],[-114.52013,33.029984],[-114.706488,33.08816],[-114.720065,33.407891],[-114.524215,33.553068],[-114.534146,33.925187],[-114.138282,34.30323],[-114.339627,34.451435],[-114.633487,35.001857]]],[[[-123.169107,37.792365],[-123.000912,37.63993],[-122.949985,37.732187],[-123.169107,37.792365]]],[[[-120.104088,33.842396],[-119.296238,33.99724],[-119.928795,34.129902],[-120.466777,33.976116],[-120.104088,33.842396]]],[[[-119.108718,33.519264],[-119.053071,33.411024],[-118.982149,33.52426],[-119.108718,33.519264]]],[[[-119.525313,33.334862],[-119.574192,33.186484],[-119.360926,33.24206],[-119.525313,33.334862]]],[[[-118.675605,33.049349],[-118.436538,32.75004],[-118.310343,32.859505],[-118.675605,33.049349]]],[[[-118.66371,33.500025],[-118.518037,33.29665],[-118.262748,33.37044],[-118.66371,33.500025]]]]}},{"type":"Feature","id":"NJ","properties":{"name":"New Jersey","abbreviation":"NJ","stateFips":"34","geoid":"34"},"geometry":{"type":"Polygon","coordinates":[[[-75.015123,38.788657],[-74.265918,39.422415],[-74.038158,39.75012],[-73.889645,40.486511],[-74.225331,40.476578],[-74.055749,40.651476],[-73.902715,40.997327],[-74.69558,41.357607],[-75.135521,40.976865],[-75.203921,40.691498],[-75.060917,40.421737],[-74.722325,40.160727],[-75.415062,39.801919],[-75.560538,39.455645],[-75.321021,39.251379],[-75.015123,38.788657]],[[-74.047183,40.690411],[-74.043885,40.690185],[-74.044792,40.68859],[-74.047183,40.690411]],[[-74.040234,40.698833],[-74.040747,40.700167],[-74.038368,40.698687],[-74.040234,40.698833]]]}},{"type":"Feature","id":"WI","properties":{"name":"Wisconsin","abbreviation":"WI","stateFips":"55","geoid":"55"},"geometry":{"type":"Polygon","coordinates":[[[-87.019935,42.493498],[-87.147166,43.379859],[-87.013234,44.131905],[-86.686288,44.881002],[-86.2501,45.235735],[-86.754236,45.44361],[-87.101133,45.44423],[-87.442508,45.076434],[-87.888052,45.354697],[-87.781007,45.673934],[-88.095193,45.916108],[-88.782073,46.016185],[-89.091638,46.138447],[-90.120572,46.337039],[-90.418392,46.566099],[-89.957102,47.291103],[-90.65466,47.309822],[-92.020294,46.704041],[-92.292192,46.666042],[-92.294033,46.074377],[-92.639936,45.933541],[-92.883749,45.575483],[-92.646602,45.441635],[-92.762004,45.288213],[-92.808415,44.751604],[-91.928224,44.335473],[-91.875158,44.200575],[-91.440541,44.001518],[-91.244135,43.774667],[-91.217706,43.50055],[-91.05791,43.253968],[-91.175253,43.134665],[-91.06468,42.750914],[-90.642843,42.508481],[-87.019935,42.493498]]]}},{"type":"Feature","id":"OR","properties":{"name":"Oregon","abbreviation":"OR","stateFips":"41","geoid":"41"},"geometry":{"type":"Polygon","coordinates":[[[-116.916071,45.995357],[-118.987258,45.999855],[-120.210774,45.725915],[-120.635051,45.745711],[-121.183684,45.60645],[-121.532934,45.726504],[-122.248993,45.547745],[-122.76381,45.657138],[-122.813999,45.960983],[-123.115904,46.185268],[-123.479644,46.269131],[-124.159546,46.261132],[-124.008125,46.00994],[-124.050131,45.140688],[-124.136209,44.849241],[-124.239694,43.811055],[-124.572353,42.922514],[-124.700283,42.784028],[-124.473554,42.614734],[-124.567221,42.477791],[-124.328835,41.998334],[-122.378049,42.009503],[-119.999234,41.994944],[-117.0262,42.000195],[-117.026634,43.80811],[-116.903607,44.179985],[-117.242675,44.396548],[-116.463504,45.615785],[-116.916071,45.995357]]]}},{"type":"Feature","id":"NE","properties":{"name":"Nebraska","abbreviation":"NE","stateFips":"31","geoid":"31"},"geometry":{"type":"Polygon","coordinates":[[[-95.765645,40.585208],[-95.92451,41.458914],[-96.091908,41.534049],[-96.064897,41.791673],[-96.268063,42.041705],[-96.445483,42.49063],[-96.501319,42.482749],[-96.689079,42.644078],[-97.306677,42.867604],[-97.831393,42.86896],[-98.013072,42.762219],[-98.49855,42.998559],[-104.053028,43.000585],[-104.053249,41.001406],[-102.051717,41.002359],[-102.051744,40.003078],[-95.30829,39.999998],[-95.765645,40.585208]]]}},{"type":"Feature","id":"PA","properties":{"name":"Pennsylvania","abbreviation":"PA","stateFips":"42","geoid":"42"},"geometry":{"type":"Polygon","coordinates":[[[-75.788596,39.722199],[-75.415062,39.801919],[-74.722325,40.160727],[-75.060917,40.421737],[-75.203921,40.691498],[-75.135521,40.976865],[-74.69558,41.357607],[-74.981804,41.479949],[-75.072248,41.814131],[-75.359645,41.999554],[-79.761954,41.998841],[-79.762418,42.516072],[-80.519851,42.327132],[-80.518991,40.638801],[-80.519342,39.721403],[-79.476662,39.721078],[-75.788596,39.722199]]]}},{"type":"Feature","id":"WA","properties":{"name":"Washington","abbreviation":"WA","stateFips":"53","geoid":"53"},"geometry":{"type":"Polygon","coordinates":[[[-124.159546,46.261132],[-123.479644,46.269131],[-123.115904,46.185268],[-122.813999,45.960983],[-122.76381,45.657138],[-122.248993,45.547745],[-121.532934,45.726504],[-121.183684,45.60645],[-120.635051,45.745711],[-120.210774,45.725915],[-118.987258,45.999855],[-116.916071,45.995357],[-117.039766,46.425887],[-117.032345,48.999201],[-123.32224,49.002072],[-123.008485,48.831219],[-123.267877,48.693993],[-123.115138,48.42283],[-123.541216,48.224553],[-124.74974,48.499783],[-124.791162,47.961705],[-124.461402,47.62496],[-124.14526,46.670474],[-124.159546,46.261132]]]}},{"type":"Feature","id":"LA","properties":{"name":"Louisiana","abbreviation":"LA","stateFips":"22","geoid":"22"},"geometry":{"type":"Polygon","coordinates":[[[-91.166095,33.004291],[-94.043015,33.019262],[-94.04272,31.999271],[-93.794548,31.702076],[-93.508292,31.032352],[-93.740253,30.539569],[-93.713772,30.065687],[-93.922744,29.818808],[-93.814351,29.596576],[-93.487754,29.717811],[-93.12515,29.706209],[-92.632538,29.529718],[-92.07805,29.531489],[-91.840934,29.36019],[-91.421128,29.302828],[-90.960372,29.111064],[-90.970287,29.005027],[-90.40938,28.99534],[-89.610427,29.198635],[-89.48764,28.887371],[-89.133284,28.919728],[-88.927809,29.117275],[-89.137612,29.381429],[-88.82343,29.714992],[-88.88903,30.139845],[-89.494973,30.16075],[-89.850387,30.660575],[-89.752642,31.001853],[-91.636942,30.999416],[-91.497665,31.645371],[-91.075908,32.016827],[-91.16488,32.195743],[-90.912363,32.339454],[-91.093508,32.457441],[-91.166095,33.004291]]]}},{"type":"Feature","id":"GA","properties":{"name":"Georgia","abbreviation":"GA","stateFips":"13","geoid":"13"},"geometry":{"type":"Polygon","coordinates":[[[-81.347015,30.712444],[-81.345306,31.059362],[-81.187675,31.246258],[-81.056623,31.714875],[-80.78296,31.995954],[-81.117225,32.117604],[-81.119784,32.286368],[-81.41866,32.629392],[-81.491899,33.006694],[-81.762735,33.158848],[-82.046335,33.56383],[-82.556765,33.945324],[-82.901551,34.486764],[-83.3389,34.680039],[-83.108613,35.000659],[-84.321821,34.988408],[-85.605165,34.984678],[-85.184737,32.870514],[-84.888519,32.260869],[-85.140731,31.857461],[-85.041428,31.539293],[-85.110358,31.281747],[-85.002499,31.000685],[-84.864693,30.711542],[-82.214677,30.568556],[-82.037218,30.371848],[-81.964413,30.816684],[-81.347015,30.712444]]]}},{"type":"Feature","id":"AL","properties":{"name":"Alabama","abbreviation":"AL","stateFips":"01","geoid":"01"},"geometry":{"type":"Polygon","coordinates":[[[-85.002499,31.000685],[-85.110358,31.281747],[-85.041428,31.539293],[-85.140731,31.857461],[-84.888519,32.260869],[-85.184737,32.870514],[-85.605165,34.984678],[-88.200064,34.995634],[-88.097888,34.892202],[-88.473227,31.893856],[-88.384431,30.158543],[-87.518346,30.229506],[-87.406356,30.674437],[-87.598829,30.997455],[-85.002499,31.000685]]]}},{"type":"Feature","id":"UT","properties":{"name":"Utah","abbreviation":"UT","stateFips":"49","geoid":"49"},"geometry":{"type":"Polygon","coordinates":[[[-111.046714,42.001702],[-114.041477,41.993873],[-114.050052,37.000191],[-109.045172,36.998977],[-109.060187,38.275528],[-109.050026,41.000691],[-111.046815,40.997875],[-111.046714,42.001702]]]}},{"type":"Feature","id":"OH","properties":{"name":"Ohio","abbreviation":"OH","stateFips":"39","geoid":"39"},"geometry":{"type":"Polygon","coordinates":[[[-80.518991,40.638801],[-80.519851,42.327132],[-81.249833,42.216415],[-82.398348,41.676524],[-82.681119,41.676328],[-83.11246,41.95941],[-83.415851,41.733794],[-84.805972,41.696118],[-84.820155,39.105419],[-84.482146,39.116432],[-84.213115,38.805835],[-83.668893,38.626562],[-83.305912,38.599746],[-82.896482,38.756395],[-82.59348,38.421821],[-82.323999,38.449268],[-82.221566,38.787187],[-82.00599,39.029387],[-81.890899,38.873919],[-81.756282,39.176993],[-81.456143,39.409274],[-81.217315,39.38759],[-80.829723,39.714041],[-80.518991,40.638801]]]}},{"type":"Feature","id":"TX","properties":{"name":"Texas","abbreviation":"TX","stateFips":"48","geoid":"48"},"geometry":{"type":"Polygon","coordinates":[[[-94.485903,33.637858],[-95.216683,33.962652],[-96.149227,33.837091],[-96.359374,33.689432],[-96.905253,33.947219],[-97.192969,33.760784],[-97.661489,33.990818],[-97.946802,33.990893],[-98.364023,34.157109],[-99.189776,34.214357],[-99.210725,34.337337],[-99.694528,34.378218],[-100.000277,34.56045],[-100.000406,36.499702],[-103.002359,36.500551],[-103.041713,36.500439],[-103.043651,34.003639],[-103.06451,32.000424],[-106.618486,32.000495],[-106.52794,31.78389],[-105.954725,31.365243],[-105.395889,30.849295],[-105.007796,30.686221],[-104.706255,30.234812],[-104.683272,29.929107],[-104.507659,29.632278],[-104.020218,29.312048],[-103.386505,29.021648],[-103.11851,28.983715],[-102.867474,29.223883],[-102.691373,29.721372],[-102.320272,29.879301],[-102.049023,29.785672],[-101.455799,29.788049],[-100.6752,29.100741],[-100.293474,28.278474],[-99.931811,27.980968],[-99.872294,27.795258],[-99.479251,27.478635],[-99.446123,27.023048],[-99.268613,26.843213],[-99.082006,26.396667],[-98.820452,26.371002],[-98.249349,26.072142],[-97.707245,26.037839],[-97.373056,25.839831],[-97.089684,25.960839],[-97.300423,26.834613],[-97.296567,27.250323],[-97.125265,27.640597],[-96.844196,28.000296],[-96.258191,28.407872],[-95.353471,28.817863],[-94.650311,29.38282],[-94.033565,29.625002],[-93.814351,29.596576],[-93.922744,29.818808],[-93.713772,30.065687],[-93.740253,30.539569],[-93.508292,31.032352],[-93.794548,31.702076],[-94.04272,31.999271],[-94.043015,33.019262],[-94.043313,33.551584],[-94.485903,33.637858]]]}},{"type":"Feature","id":"CO","properties":{"name":"Colorado","abbreviation":"CO","stateFips":"08","geoid":"08"},"geometry":{"type":"Polygon","coordinates":[[[-109.045172,36.998977],[-103.002329,37.00015],[-102.042089,36.993016],[-102.051744,40.003078],[-102.051717,41.002359],[-104.053249,41.001406],[-109.050026,41.000691],[-109.060187,38.275528],[-109.045172,36.998977]]]}},{"type":"Feature","id":"SC","properties":{"name":"South Carolina","abbreviation":"SC","stateFips":"45","geoid":"45"},"geometry":{"type":"Polygon","coordinates":[[[-78.499301,33.812852],[-79.676494,34.805065],[-80.797484,34.819803],[-81.034264,35.149257],[-82.41916,35.199414],[-83.108613,35.000659],[-83.3389,34.680039],[-82.901551,34.486764],[-82.556765,33.945324],[-82.046335,33.56383],[-81.762735,33.158848],[-81.491899,33.006694],[-81.41866,32.629392],[-81.119784,32.286368],[-81.117225,32.117604],[-80.78296,31.995954],[-80.243074,32.472449],[-79.979002,32.558074],[-79.077605,33.188653],[-79.034496,33.456834],[-78.499301,33.812852]]]}},{"type":"Feature","id":"OK","properties":{"name":"Oklahoma","abbreviation":"OK","stateFips":"40","geoid":"40"},"geometry":{"type":"Polygon","coordinates":[[[-94.617964,36.998905],[-100.307346,37.001813],[-102.042089,36.993016],[-103.002329,37.00015],[-103.002359,36.500551],[-100.000406,36.499702],[-100.000277,34.56045],[-99.694528,34.378218],[-99.210725,34.337337],[-99.189776,34.214357],[-98.364023,34.157109],[-97.946802,33.990893],[-97.661489,33.990818],[-97.192969,33.760784],[-96.905253,33.947219],[-96.359374,33.689432],[-96.149227,33.837091],[-95.216683,33.962652],[-94.485903,33.637858],[-94.431014,35.393167],[-94.617859,36.499431],[-94.617964,36.998905]]]}},{"type":"Feature","id":"TN","properties":{"name":"Tennessee","abbreviation":"TN","stateFips":"47","geoid":"47"},"geometry":{"type":"Polygon","coordinates":[[[-83.675395,36.600784],[-84.540474,36.596304],[-86.589906,36.652443],[-87.853319,36.63316],[-88.053293,36.497058],[-89.417275,36.499011],[-89.485427,36.497491],[-89.539232,36.497934],[-89.534676,36.252771],[-89.733056,36.000809],[-89.694709,35.834769],[-90.16888,35.421878],[-90.097834,35.118693],[-90.308361,34.995694],[-88.200064,34.995634],[-85.605165,34.984678],[-84.321821,34.988408],[-84.290214,35.225432],[-83.770587,35.561743],[-83.498544,35.562888],[-82.995851,35.773085],[-82.63723,36.06582],[-82.558587,35.95389],[-82.213898,36.159041],[-82.033839,36.120475],[-81.67749,36.588137],[-83.675395,36.600784]]]}},{"type":"Feature","id":"WY","properties":{"name":"Wyoming","abbreviation":"WY","stateFips":"56","geoid":"56"},"geometry":{"type":"Polygon","coordinates":[[[-109.050026,41.000691],[-104.053249,41.001406],[-104.053028,43.000585],[-104.057879,44.997605],[-111.054556,45.000955],[-111.052434,44.478411],[-111.046714,42.001702],[-111.046815,40.997875],[-109.050026,41.000691]]]}},{"type":"Feature","id":"HI","properties":{"name":"Hawaii","abbreviation":"HI","stateFips":"15","geoid":"15"},"geometry":{"type":"MultiPolygon","coordinates":[[[[-164.76481,23.581721],[-164.7013,23.517002],[-164.68263,23.622806],[-164.76481,23.581721]]],[[[-161.965449,23.104987],[-161.955171,23.009169],[-161.863342,23.036602],[-161.965449,23.104987]]],[[[-166.380463,23.883978],[-166.194409,23.589531],[-166.10678,23.742522],[-166.380463,23.883978]]],[[[-167.98894,25.049049],[-168.037751,24.959715],[-167.953685,24.964386],[-167.98894,25.049049]]],[[[-175.966335,27.929911],[-175.969598,27.693402],[-175.670128,27.941601],[-175.966335,27.929911]]],[[[-178.315121,28.516334],[-178.440486,28.405172],[-178.233018,28.375],[-178.315121,28.516334]]],[[[-174.04962,26.116578],[-174.006404,25.990289],[-173.957916,26.13569],[-174.04962,26.116578]]],[[[-171.76812,25.833681],[-171.737491,25.706533],[-171.667922,25.781217],[-171.76812,25.833681]]],[[[-170.653641,25.551924],[-170.649551,25.459358],[-170.574249,25.51631],[-170.653641,25.551924]]],[[[-160.599767,21.66765],[-160.484924,21.63243],[-160.508791,21.703238],[-160.599767,21.66765]]],[[[-160.140416,22.073322],[-160.298526,21.7905],[-159.997205,21.99251],[-160.140416,22.073322]]],[[[-159.443999,21.817789],[-159.245779,22.166808],[-159.612952,22.272235],[-159.848124,22.076073],[-159.443999,21.817789]]],[[[-158.34465,21.583177],[-158.164354,21.272335],[-157.607693,21.269134],[-157.660949,21.496789],[-157.941785,21.754579],[-158.34465,21.583177]]],[[[-156.722076,21.226062],[-157.272186,21.276564],[-157.321244,21.050676],[-156.836954,21.0],[-156.722076,21.226062]]],[[[-157.111227,20.93123],[-156.994434,20.693575],[-156.75,20.807605],[-157.111227,20.93123]]],[[[-156.45109,20.968758],[-156.591031,21.092411],[-156.721737,20.842436],[-156.48451,20.579083],[-156.029948,20.604071],[-155.958991,20.875],[-156.45109,20.968758]]],[[[-154.759333,19.536462],[-155.14033,19.989481],[-155.751464,20.29447],[-155.957667,20.234972],[-155.884311,20.018327],[-156.10724,19.790402],[-155.943213,19.344227],[-155.925931,19.008154],[-155.694257,18.866786],[-155.258015,19.222171],[-154.939663,19.312834],[-154.759333,19.536462]]]]}},{"type":"Feature","id":"ND","properties":{"name":"North Dakota","abbreviation":"ND","stateFips":"38","geoid":"38"},"geometry":{"type":"Polygon","coordinates":[[[-97.228961,49.000454],[-104.048692,48.999899],[-104.045547,45.945308],[-96.563672,45.935245],[-96.59966,46.330481],[-96.796041,46.631209],[-96.849908,47.590754],[-97.146531,48.144055],[-97.091896,48.685982],[-97.228961,49.000454]]]}},{"type":"Feature","id":"KY","properties":{"name":"Kentucky","abbreviation":"KY","stateFips":"21","geoid":"21"},"geometry":{"type":"MultiPolygon","coordinates":[[[[-89.539232,36.497934],[-89.485427,36.497491],[-89.47993,36.569087],[-89.539232,36.497934]]],[[[-83.675395,36.600784],[-83.13512,36.742629],[-82.726688,37.114794],[-81.968012,37.538035],[-82.304068,37.678307],[-82.636989,38.138718],[-82.59348,38.421821],[-82.896482,38.756395],[-83.305912,38.599746],[-83.668893,38.626562],[-84.213115,38.805835],[-84.482146,39.116432],[-84.820155,39.105419],[-84.811599,38.79196],[-85.450329,38.711667],[-85.415555,38.544969],[-85.829065,38.276554],[-85.942699,38.006816],[-86.325874,38.154029],[-86.510246,37.92666],[-86.795045,37.989279],[-87.128813,37.785581],[-87.386179,37.937804],[-88.02802,37.799197],[-88.080892,37.473911],[-88.474645,37.390783],[-88.528983,37.066826],[-88.91618,37.223991],[-89.132915,36.982057],[-89.227046,36.569537],[-89.417275,36.499011],[-88.053293,36.497058],[-87.853319,36.63316],[-86.589906,36.652443],[-84.540474,36.596304],[-83.675395,36.600784]]]]}},{"type":"Feature","id":"ME","properties":{"name":"Maine","abbreviation":"ME","stateFips":"23","geoid":"23"},"geometry":{"type":"Polygon","coordinates":[[[-71.083928,45.305484],[-70.973461,43.349889],[-70.575094,42.917126],[-70.49323,43.286829],[-70.155986,43.524444],[-69.055894,43.858911],[-68.826916,43.735711],[-68.742649,43.943147],[-68.175858,44.125083],[-68.12828,44.264253],[-67.636544,44.383592],[-66.885444,44.794208],[-67.158871,45.162035],[-67.489663,45.282133],[-67.425528,45.578432],[-67.80363,45.677651],[-67.790196,47.06722],[-68.234469,47.355301],[-68.900034,47.177742],[-69.224461,47.459833],[-69.997111,46.69552],[-70.208944,46.329494],[-70.384237,45.734014],[-70.722571,45.513672],[-70.857533,45.229134],[-71.083928,45.305484]]]}},{"type":"Feature","id":"NY","properties":{"name":"New York","abbreviation":"NY","stateFips":"36","geoid":"36"},"geometry":{"type":"MultiPolygon","coordinates":[[[[-73.343178,45.010713],[-74.834674,45.014698],[-75.283128,44.849148],[-75.912827,44.367805],[-76.438287,44.094172],[-76.776233,43.629529],[-78.688295,43.634742],[-79.200936,43.450422],[-79.070452,43.262455],[-78.99976,42.804368],[-79.762418,42.516072],[-79.761954,41.998841],[-75.359645,41.999554],[-75.072248,41.814131],[-74.981804,41.479949],[-74.69558,41.357607],[-73.902715,40.997327],[-74.055749,40.651476],[-74.225331,40.476578],[-73.889645,40.486511],[-73.274025,40.551314],[-71.837088,41.010892],[-71.790972,41.184101],[-71.907258,41.304483],[-73.612885,40.950943],[-73.727775,41.100696],[-73.550962,41.295421],[-73.487319,42.049525],[-73.264827,42.745851],[-73.248641,43.553858],[-73.437905,44.045125],[-73.310914,44.274298],[-73.343178,45.010713]]],[[[-74.040234,40.698833],[-74.038368,40.698687],[-74.040747,40.700167],[-74.040234,40.698833]]],[[[-74.047183,40.690411],[-74.044792,40.68859],[-74.043885,40.690185],[-74.047183,40.690411]]]]}},{"type":"Feature","id":"NV","properties":{"name":"Nevada","abbreviation":"NV","stateFips":"32","geoid":"32"},"geometry":{"type":"Polygon","coordinates":[[[-117.0262,42.000195],[-119.999234,41.994944],[-120.001014,38.999574],[-117.875927,37.497267],[-116.000655,36.083857],[-114.633487,35.001857],[-114.569529,35.162317],[-114.754508,36.086171],[-114.370181,36.142624],[-114.1534,36.02317],[-114.043944,36.19335],[-114.050052,37.000191],[-114.041477,41.993873],[-117.0262,42.000195]]]}},{"type":"Feature","id":"AK","properties":{"name":"Alaska","abbreviation":"AK","stateFips":"02","geoid":"02"},"geometry":{"type":"MultiPolygon","coordinates":[[[[-179.225686,51.299272],[-179.073599,51.179041],[-178.832806,51.323588],[-179.005041,51.452652],[-179.225686,51.299272]]],[[[-178.786532,51.88788],[-178.949954,51.760244],[-178.6468,51.7903],[-178.786532,51.88788]]],[[[-177.459546,51.982884],[-177.486726,51.843649],[-177.336427,51.921561],[-177.459546,51.982884]]],[[[-179.149873,51.595358],[-178.800193,51.485859],[-178.421676,51.587283],[-178.660122,51.665879],[-179.149873,51.595358]]],[[[-178.422942,51.508996],[-178.248645,51.423171],[-178.272583,51.541014],[-178.422942,51.508996]]],[[[-178.24738,51.950166],[-178.189368,51.633673],[-177.878264,51.543324],[-177.40298,51.670381],[-176.969615,51.538985],[-175.849754,51.795493],[-175.348719,51.962585],[-174.480891,51.952497],[-174.313974,52.036226],[-173.487318,51.971184],[-172.923058,52.02416],[-172.866641,52.148933],[-173.990472,52.183143],[-173.902834,52.319228],[-174.312733,52.456712],[-174.494395,52.26533],[-175.549135,52.009879],[-176.224434,52.153126],[-176.242864,51.926742],[-176.60128,52.05656],[-176.918866,51.882132],[-177.096462,51.990146],[-177.542051,51.788268],[-177.614912,51.905],[-178.24738,51.950166]]],[[[-175.532789,52.236606],[-175.598652,52.146684],[-175.404267,52.171636],[-175.532789,52.236606]]],[[[-171.374433,52.537118],[-171.206259,52.398891],[-171.022429,52.603717],[-171.374433,52.537118]]],[[[-172.633239,52.387863],[-172.616163,52.199088],[-172.210712,52.316267],[-172.633239,52.387863]]],[[[-175.119803,52.28054],[-175.205312,52.19123],[-175.036327,52.217628],[-175.119803,52.28054]]],[[[-163.008446,54.400172],[-162.700084,54.237969],[-162.282203,54.330965],[-162.354352,54.456691],[-162.880706,54.553213],[-163.008446,54.400172]]],[[[-159.556116,54.880262],[-159.8135,54.740418],[-159.469294,54.720968],[-159.556116,54.880262]]],[[[-161.007495,55.170599],[-161.194399,55.154961],[-161.084405,55.104767],[-161.007495,55.170599]]],[[[-162.743205,54.857851],[-162.740178,54.753102],[-162.637181,54.804793],[-162.743205,54.857851]]],[[[-163.242512,55.517718],[-163.235362,55.366112],[-163.027938,55.42083],[-163.242512,55.517718]]],[[[-165.97636,53.771061],[-165.788966,54.016236],[-164.881048,54.043429],[-164.687755,54.250118],[-165.066871,54.180086],[-165.462493,54.346822],[-166.165117,54.195088],[-166.140833,54.046933],[-166.785194,54.065979],[-167.230077,53.888252],[-167.23038,53.566734],[-167.761228,53.431612],[-168.090352,53.619667],[-169.197133,52.964882],[-169.228058,52.71461],[-168.557114,52.95822],[-168.02627,53.226137],[-167.669278,53.17205],[-167.036259,53.381758],[-166.788669,53.383888],[-165.97636,53.771061]]],[[[-170.680452,52.749586],[-170.828318,52.491927],[-170.536133,52.573847],[-170.680452,52.749586]]],[[[-170.17689,52.935137],[-170.250063,52.681089],[-169.588613,52.800563],[-169.604454,53.062031],[-170.17689,52.935137]]],[[[-167.989561,53.989305],[-168.135846,53.946733],[-168.08304,53.882959],[-167.989561,53.989305]]],[[[-170.522709,57.193374],[-170.354132,57.002323],[-170.016511,57.266581],[-170.522709,57.193374]]],[[[-169.509265,56.667471],[-169.86824,56.587031],[-169.526637,56.492976],[-169.509265,56.667471]]],[[[-166.943778,60.278103],[-167.560296,60.205956],[-167.38558,60.021207],[-166.196613,59.703384],[-165.964817,59.722971],[-165.402458,59.970448],[-165.561519,60.301726],[-166.152432,60.510747],[-166.943778,60.278103]]],[[[-170.042222,57.205047],[-169.989069,57.130412],[-169.87123,57.221536],[-170.042222,57.205047]]],[[[-172.867009,60.222142],[-172.799541,60.138804],[-172.634324,60.200743],[-172.867009,60.222142]]],[[[-172.989762,60.731811],[-173.167818,60.48108],[-172.596125,60.258622],[-172.10909,60.314012],[-172.68784,60.48012],[-172.989762,60.731811]]],[[[-171.855926,63.78567],[-171.965319,63.472874],[-171.481935,63.254531],[-171.066836,63.371108],[-170.515276,63.28791],[-170.328022,63.138724],[-169.591036,62.887867],[-169.282326,63.114405],[-168.803229,63.017652],[-168.587718,63.325229],[-169.455539,63.41502],[-169.926599,63.526739],[-170.296846,63.755572],[-170.959155,63.625888],[-171.855926,63.78567]]],[[[-168.971029,65.81463],[-168.971903,65.688765],[-168.762466,65.751166],[-168.971029,65.81463]]],[[[-168.869229,65.620853],[-168.633681,65.601358],[-168.710586,65.673136],[-168.869229,65.620853]]],[[[-168.076108,65.043289],[-168.210114,64.951372],[-168.037032,64.909284],[-168.076108,65.043289]]],[[[-136.454427,57.830676],[-135.866275,57.000002],[-134.494173,55.999638],[-134.645685,55.871472],[-134.192027,55.693053],[-133.837978,55.793297],[-133.873917,55.39884],[-133.61366,55.170265],[-133.790528,55.000581],[-133.648903,54.632045],[-131.203074,54.691317],[-130.64791,54.648906],[-129.974167,55.281919],[-130.152406,55.766287],[-130.003787,55.907442],[-130.103799,56.122798],[-131.087349,56.406005],[-131.581069,56.612231],[-131.835327,56.599203],[-131.872878,56.805994],[-132.123568,56.873648],[-132.04519,57.045059],[-133.172311,58.153676],[-133.377305,58.430549],[-133.840504,58.729444],[-134.258072,58.861037],[-134.483393,59.131602],[-134.959904,59.280927],[-135.0289,59.56366],[-135.479162,59.798041],[-136.353936,59.599827],[-136.584442,59.165854],[-136.828727,59.159959],[-137.451726,58.908349],[-137.607354,59.243803],[-138.626199,59.76858],[-138.707376,59.906326],[-139.198847,60.088296],[-139.07482,60.352504],[-139.692982,60.335225],[-139.981093,60.181965],[-140.458209,60.308086],[-140.520427,60.219819],[-141.001833,60.305894],[-141.002782,69.703648],[-141.377896,69.744147],[-143.226433,70.201998],[-143.940585,70.169685],[-144.681468,70.015773],[-145.981781,70.242307],[-146.708963,70.28243],[-148.003502,70.545579],[-148.515479,70.477475],[-149.679875,70.621495],[-150.795152,70.548359],[-151.314977,70.463426],[-152.151851,70.875131],[-153.27431,70.970957],[-153.899175,70.936218],[-154.821317,71.158961],[-155.926428,71.357685],[-156.582252,71.427671],[-157.532422,71.007554],[-158.171463,70.871047],[-158.733998,70.963119],[-159.755467,70.830526],[-160.414217,70.561298],[-161.315134,70.347256],[-161.948657,70.374742],[-162.465221,70.217243],[-163.133561,69.838702],[-163.289589,69.430357],[-163.650798,69.168692],[-164.279379,68.979617],[-165.357048,68.908939],[-166.347428,68.900386],[-166.367664,68.574994],[-166.942041,68.302594],[-166.2853,68.224367],[-165.966042,68.072492],[-165.499453,68.018782],[-164.175429,67.547599],[-163.781524,67.06976],[-162.832032,66.926813],[-163.626215,66.624174],[-164.424297,66.630217],[-165.43444,66.47523],[-166.719474,66.148046],[-167.520823,65.878152],[-168.155129,65.728351],[-168.167584,65.546902],[-167.400891,65.34727],[-166.94893,65.307909],[-167.084339,65.155695],[-166.589185,64.908291],[-166.507841,64.631373],[-166.153861,64.432974],[-166.07779,64.520459],[-165.032205,64.387987],[-164.355355,64.508447],[-163.536172,64.503581],[-162.795802,64.275674],[-162.313491,64.542789],[-161.075402,64.206652],[-160.8862,63.771397],[-161.314358,63.519229],[-161.840405,63.493288],[-162.584319,63.691392],[-162.826441,63.57636],[-162.437773,63.491994],[-162.739517,63.268925],[-163.252479,63.092454],[-164.051256,63.317355],[-164.495673,63.251159],[-164.906736,63.044895],[-164.986703,62.76074],[-165.221888,62.722466],[-165.44887,62.391022],[-166.126052,62.038723],[-166.288613,61.580809],[-165.66365,61.057809],[-165.346602,61.015442],[-165.123369,60.736627],[-165.518263,60.566016],[-164.342832,60.002931],[-164.415696,59.884867],[-164.0133,59.637759],[-163.784373,59.740569],[-162.868661,59.780381],[-162.698375,59.891816],[-162.186655,59.818908],[-161.871266,59.524791],[-162.166604,59.275075],[-161.881765,58.944146],[-161.949166,58.724329],[-162.270411,58.622126],[-161.640249,58.502326],[-161.233978,58.643453],[-161.158918,58.512383],[-160.801773,58.551428],[-160.608715,58.843621],[-160.343087,58.880542],[-159.893861,58.715036],[-159.544685,58.778419],[-159.018722,58.33414],[-158.213032,58.542604],[-158.069822,58.490317],[-158.893482,56.999841],[-159.173914,56.81445],[-159.905139,56.578175],[-160.413157,56.321734],[-160.616035,56.067421],[-161.211108,56.06741],[-161.82575,55.942655],[-163.150455,55.229505],[-164.614255,54.923877],[-164.999482,54.626249],[-164.901297,54.374651],[-164.414987,54.368823],[-164.122671,54.556119],[-163.059141,54.606203],[-163.141738,54.820251],[-162.651105,54.922157],[-162.479815,54.540932],[-161.564744,54.797197],[-161.672281,54.959246],[-161.359522,54.991451],[-161.238709,55.296047],[-160.953424,55.325367],[-160.899676,55.09535],[-160.519469,55.025123],[-160.203577,55.335775],[-160.343393,54.930881],[-160.207725,54.807342],[-159.724503,55.017793],[-159.26057,54.812737],[-159.111791,54.91569],[-159.410886,55.123496],[-159.415307,55.315381],[-159.735979,55.226108],[-160.050544,55.395777],[-159.446868,55.638531],[-158.0,55.639444],[-156.330713,56.749278],[-156.330702,57.050839],[-156.167196,57.345852],[-155.639486,57.602267],[-155.300397,57.642894],[-154.940742,57.975071],[-154.390744,57.999301],[-154.119565,58.113228],[-153.810656,58.515386],[-153.51515,58.548397],[-153.166846,58.755175],[-153.02118,59.002452],[-151.444173,59.099687],[-150.992194,59.180837],[-149.6213,59.527516],[-149.467504,59.733767],[-148.980202,59.893721],[-148.218506,59.87564],[-147.956439,59.744131],[-147.334827,59.833874],[-147.24174,59.998317],[-146.179309,60.280056],[-145.824323,60.315117],[-145.317687,60.179691],[-144.776015,60.129592],[-144.539684,60.010149],[-144.777798,59.829935],[-144.410509,59.746274],[-144.144078,59.919452],[-142.826045,60.051102],[-142.00184,59.974604],[-140.927192,59.702075],[-140.425097,59.65703],[-138.252506,58.98944],[-137.762218,58.596502],[-136.616339,58.14723],[-136.658568,57.901455],[-136.454427,57.830676]]],[[[-161.310363,64.189368],[-161.414441,64.08677],[-161.22175,64.075294],[-161.310363,64.189368]]],[[[-161.814522,63.64667],[-161.83922,63.570355],[-161.641536,63.588497],[-161.814522,63.64667]]],[[[-160.416039,58.798445],[-160.54432,58.674326],[-160.301029,58.535758],[-160.096973,58.697283],[-160.416039,58.798445]]],[[[-160.004645,58.665602],[-160.059052,58.547826],[-159.863447,58.578686],[-160.004645,58.665602]]],[[[-146.508166,59.392467],[-146.149535,59.417175],[-146.315936,59.586622],[-146.508166,59.392467]]],[[[-152.414003,58.992233],[-152.383294,58.82829],[-151.981582,58.837277],[-152.019555,59.010921],[-152.414003,58.992233]]],[[[-154.703145,57.542016],[-154.931222,57.28237],[-154.619782,57.16236],[-154.577483,56.952773],[-154.217826,56.720467],[-154.540498,56.655844],[-154.893847,56.444724],[-153.936276,56.453461],[-153.98212,56.609011],[-153.476856,56.941319],[-152.834162,57.094425],[-152.415584,57.38447],[-152.258481,57.323429],[-152.031006,57.628631],[-152.220211,57.930223],[-152.453348,58.059287],[-151.861054,58.110604],[-151.712804,58.37398],[-152.071909,58.440027],[-152.473569,58.757258],[-153.500135,58.079555],[-154.703145,57.542016]]],[[[-156.841994,56.27008],[-156.822209,55.967556],[-156.553324,56.027075],[-156.841994,56.27008]]],[[[-155.474353,55.913594],[-155.794349,55.729594],[-155.528092,55.705848],[-155.474353,55.913594]]],[[[174.232727,52.757294],[173.788707,52.74972],[174.162514,52.656735],[174.232727,52.757294]]],[[[172.623154,53.053152],[172.347846,52.906691],[172.736945,52.727887],[173.330236,52.692833],[173.580647,52.815485],[173.132208,53.043958],[172.623154,53.053152]]],[[[173.31594,52.464638],[173.304045,52.356453],[173.730796,52.297572],[173.847774,52.537185],[173.31594,52.464638]]],[[[175.841909,52.440288],[175.896612,52.281263],[176.064518,52.363376],[175.841909,52.440288]]],[[[177.28016,52.127579],[177.443023,52.105259],[177.408835,52.167632],[177.28016,52.127579]]],[[[178.368434,51.860539],[178.120934,51.832516],[178.496347,51.744522],[178.368434,51.860539]]],[[[177.121343,51.917871],[177.30872,51.75963],[177.837076,51.902269],[177.745655,52.141602],[177.121343,51.917871]]],[[[177.996976,51.922034],[177.939043,51.85492],[178.097952,51.85069],[177.996976,51.922034]]],[[[178.02057,52.071861],[178.059675,51.948114],[178.531591,51.846716],[178.663949,51.982846],[178.02057,52.071861]]],[[[179.658381,52.07827],[179.38969,51.923789],[179.623212,51.818988],[179.859681,51.960366],[179.658381,52.07827]]],[[[178.559492,51.701652],[178.551773,51.599855],[179.218196,51.294985],[179.578406,51.354344],[179.06062,51.63251],[178.559492,51.701652]]]]}},{"type":"Feature","id":"MI","properties":{"name":"Michigan","abbreviation":"MI","stateFips":"26","geoid":"26"},"geometry":{"type":"Polygon","coordinates":[[[-83.11246,41.95941],[-83.127999,42.238695],[-82.523434,42.607344],[-82.456249,42.925177],[-82.122971,43.590827],[-82.52064,45.335902],[-83.483974,45.771937],[-83.571467,46.105998],[-83.955424,46.057188],[-84.128925,46.530119],[-84.556976,46.46065],[-84.859335,46.888843],[-87.063101,47.799991],[-88.369862,48.306063],[-89.33755,47.974261],[-89.483385,48.013716],[-89.957102,47.291103],[-90.418392,46.566099],[-90.120572,46.337039],[-89.091638,46.138447],[-88.782073,46.016185],[-88.095193,45.916108],[-87.781007,45.673934],[-87.888052,45.354697],[-87.442508,45.076434],[-87.101133,45.44423],[-86.754236,45.44361],[-86.2501,45.235735],[-86.686288,44.881002],[-87.013234,44.131905],[-87.147166,43.379859],[-87.019935,42.493498],[-87.207774,41.760956],[-84.805885,41.760171],[-84.805972,41.696118],[-83.415851,41.733794],[-83.11246,41.95941]]]}},{"type":"Feature","id":"AR","properties":{"name":"Arkansas","abbreviation":"AR","stateFips":"05","geoid":"05"},"geometry":{"type":"Polygon","coordinates":[[[-91.166095,33.004291],[-91.088976,34.000061],[-90.890599,34.028508],[-90.757304,34.367392],[-90.586232,34.409172],[-90.308361,34.995694],[-90.097834,35.118693],[-90.16888,35.421878],[-89.694709,35.834769],[-89.733056,36.000809],[-90.3779,35.995745],[-90.064193,36.302502],[-90.152307,36.497982],[-94.617859,36.499431],[-94.431014,35.393167],[-94.485903,33.637858],[-94.043313,33.551584],[-94.043015,33.019262],[-91.166095,33.004291]]]}},{"type":"Feature","id":"MS","properties":{"name":"Mississippi","abbreviation":"MS","stateFips":"28","geoid":"28"},"geometry":{"type":"Polygon","coordinates":[[[-88.384431,30.158543],[-88.473227,31.893856],[-88.097888,34.892202],[-88.200064,34.995634],[-90.308361,34.995694],[-90.586232,34.409172],[-90.757304,34.367392],[-90.890599,34.028508],[-91.088976,34.000061],[-91.166095,33.004291],[-91.093508,32.457441],[-90.912363,32.339454],[-91.16488,32.195743],[-91.075908,32.016827],[-91.497665,31.645371],[-91.636942,30.999416],[-89.752642,31.001853],[-89.850387,30.660575],[-89.494973,30.16075],[-88.88903,30.139845],[-88.384431,30.158543]]]}},{"type":"Feature","id":"MO","properties":{"name":"Missouri","abbreviation":"MO","stateFips":"29","geoid":"29"},"geometry":{"type":"Polygon","coordinates":[[[-91.419422,40.378264],[-91.729115,40.61364],[-94.489109,40.570706],[-95.765645,40.585208],[-95.30829,39.999998],[-94.876244,39.807394],[-95.108065,39.539919],[-94.607153,39.10559],[-94.617964,36.998905],[-94.617859,36.499431],[-90.152307,36.497982],[-90.064193,36.302502],[-90.3779,35.995745],[-89.733056,36.000809],[-89.534676,36.252771],[-89.539232,36.497934],[-89.47993,36.569087],[-89.485427,36.497491],[-89.417275,36.499011],[-89.227046,36.569537],[-89.132915,36.982057],[-89.518469,37.286256],[-89.478399,37.598869],[-89.844786,37.905572],[-90.242574,38.112125],[-90.370819,38.333554],[-90.113327,38.849306],[-90.663018,38.926283],[-90.726981,39.251173],[-91.367753,39.729029],[-91.494878,40.036453],[-91.419422,40.378264]]]}},{"type":"Feature","id":"MT","properties":{"name":"Montana","abbreviation":"MT","stateFips":"30","geoid":"30"},"geometry":{"type":"Polygon","coordinates":[[[-104.048692,48.999899],[-111.575693,48.996676],[-116.049086,49.000846],[-116.049108,47.976842],[-115.687758,47.5953],[-115.746619,47.442311],[-115.340849,47.26285],[-114.920731,46.827083],[-114.61311,46.63847],[-114.320705,46.64695],[-114.514692,46.167726],[-114.387868,45.883926],[-114.566348,45.772739],[-114.344184,45.459683],[-113.939105,45.69578],[-113.496225,44.947675],[-113.101618,44.729465],[-113.001978,44.449857],[-112.386524,44.447308],[-112.288673,44.56791],[-111.514547,44.536567],[-111.392969,44.75231],[-111.052434,44.478411],[-111.054556,45.000955],[-104.057879,44.997605],[-104.045547,45.945308],[-104.048692,48.999899]]]}},{"type":"Feature","id":"KS","properties":{"name":"Kansas","abbreviation":"KS","stateFips":"20","geoid":"20"},"geometry":{"type":"Polygon","coordinates":[[[-94.617964,36.998905],[-94.607153,39.10559],[-95.108065,39.539919],[-94.876244,39.807394],[-95.30829,39.999998],[-102.051744,40.003078],[-102.042089,36.993016],[-100.307346,37.001813],[-94.617964,36.998905]]]}},{"type":"Feature","id":"IN","properties":{"name":"Indiana","abbreviation":"IN","stateFips":"18","geoid":"18"},"geometry":{"type":"Polygon","coordinates":[[[-88.02802,37.799197],[-87.386179,37.937804],[-87.128813,37.785581],[-86.795045,37.989279],[-86.510246,37.92666],[-86.325874,38.154029],[-85.942699,38.006816],[-85.829065,38.276554],[-85.415555,38.544969],[-85.450329,38.711667],[-84.811599,38.79196],[-84.820155,39.105419],[-84.805972,41.696118],[-84.805885,41.760171],[-87.207774,41.760956],[-87.523661,41.759907],[-87.531646,39.347888],[-87.658745,39.135997],[-87.495905,38.785434],[-88.042132,38.046345],[-88.02802,37.799197]]]}},{"type":"Feature","id":"SD","properties":{"name":"South Dakota","abbreviation":"SD","stateFips":"46","geoid":"46"},"geometry":{"type":"Polygon","coordinates":[[[-96.563672,45.935245],[-104.045547,45.945308],[-104.057879,44.997605],[-104.053028,43.000585],[-98.49855,42.998559],[-98.013072,42.762219],[-97.831393,42.86896],[-97.306677,42.867604],[-96.689079,42.644078],[-96.501319,42.482749],[-96.445483,42.49063],[-96.638749,42.737501],[-96.436567,43.119818],[-96.571414,43.239078],[-96.45326,43.50039],[-96.453097,45.300751],[-96.856834,45.605378],[-96.563672,45.935245]]]}},{"type":"Feature","id":"MA","properties":{"name":"Massachusetts","abbreviation":"MA","stateFips":"25","geoid":"25"},"geometry":{"type":"Polygon","coordinates":[[[-70.735005,42.874685],[-71.294637,42.697042],[-72.458412,42.726933],[-73.264827,42.745851],[-73.487319,42.049525],[-71.799188,42.008053],[-71.381401,42.018798],[-71.088571,41.431315],[-70.877327,41.224144],[-70.344083,41.276146],[-69.910319,41.226849],[-70.508603,41.498965],[-70.077934,41.612528],[-69.928994,41.532152],[-69.866525,41.817011],[-70.011591,42.073378],[-70.608381,42.138479],[-70.690393,42.278999],[-70.549306,42.724164],[-70.735005,42.874685]]]}},{"type":"Feature","id":"VA","properties":{"name":"Virginia","abbreviation":"VA","stateFips":"51","geoid":"51"},"geometry":{"type":"Polygon","coordinates":[[[-81.67749,36.588137],[-80.29478,36.544053],[-75.797497,36.550916],[-75.926847,36.936462],[-75.417073,37.82105],[-75.166435,38.027834],[-76.233415,37.887638],[-76.610384,38.148516],[-76.87849,38.173764],[-77.011506,38.374561],[-77.318542,38.474437],[-77.039006,38.791645],[-77.119759,38.934343],[-77.719519,39.321314],[-77.828299,39.132426],[-78.347087,39.466012],[-78.403697,39.167451],[-78.869261,38.76298],[-78.993761,38.850021],[-79.312276,38.411876],[-79.649075,38.591515],[-79.689667,38.431462],[-80.296077,37.69173],[-80.299789,37.508271],[-81.225104,37.234874],[-81.853553,37.287706],[-81.968012,37.538035],[-82.726688,37.114794],[-83.13512,36.742629],[-83.675395,36.600784],[-81.67749,36.588137]]]}},{"type":"Feature","id":"IA","properties":{"name":"Iowa","abbreviation":"IA","stateFips":"19","geoid":"19"},"geometry":{"type":"Polygon","coordinates":[[[-91.217706,43.50055],[-96.45326,43.50039],[-96.571414,43.239078],[-96.436567,43.119818],[-96.638749,42.737501],[-96.445483,42.49063],[-96.268063,42.041705],[-96.064897,41.791673],[-96.091908,41.534049],[-95.92451,41.458914],[-95.765645,40.585208],[-94.489109,40.570706],[-91.729115,40.61364],[-91.419422,40.378264],[-91.359873,40.601805],[-91.12082,40.672777],[-90.94626,41.09473],[-91.048259,41.409748],[-90.343228,41.587833],[-90.162895,42.116718],[-90.642843,42.508481],[-91.06468,42.750914],[-91.175253,43.134665],[-91.05791,43.253968],[-91.217706,43.50055]]]}},{"type":"Feature","id":"AZ","properties":{"name":"Arizona","abbreviation":"AZ","stateFips":"04","geoid":"04"},"geometry":{"type":"Polygon","coordinates":[[[-109.045172,36.998977],[-114.050052,37.000191],[-114.043944,36.19335],[-114.1534,36.02317],[-114.370181,36.142624],[-114.754508,36.086171],[-114.569529,35.162317],[-114.633487,35.001857],[-114.339627,34.451435],[-114.138282,34.30323],[-114.534146,33.925187],[-114.524215,33.553068],[-114.720065,33.407891],[-114.706488,33.08816],[-114.52013,33.029984],[-114.526856,32.757094],[-114.719497,32.718739],[-114.813692,32.494069],[-111.07498,31.332342],[-109.050033,31.332348],[-109.045172,36.998977]]]}}]}
